requirement_id,planned_scope,owner_task,implementation_status,test_ids,evidence_paths,verified_code_ref,notes
FR-02-001,实现,P02-01,implemented_not_live_verified,P02-01.unit;P02-01.integration;P02-01.e2e;T01;T22,docs/evidence/P02-01/implementation-2026-10-05.md;docs/evidence/P02-01/results-2026-10-05.json;docs/evidence/P02-01/review-2026-10-05.md;docs/evidence/P02-01/review-results-2026-10-05.json,c9cd482+working-tree;apps/desktop/src/renderer/src/desktop-shell.tsx;apps/desktop/src/renderer/src/desktop-settings.tsx;packages/contracts/src/desktop.ts;packages/core/src/service.ts;P02-review:aebd898,无账户可导航；本地空间无需注册；本任务本地已验证；真实模型验收继承P01；2026-10-05；2026-10-05复核：源码与记录一致；本轮定向unit10/10及integration4/4退出0；未重跑E2E或live；状态保持
FR-02-002,实现,P02-01,implemented_not_live_verified,P02-01.unit;P02-01.integration;P02-01.e2e;T01;T22,docs/evidence/P02-01/implementation-2026-10-05.md;docs/evidence/P02-01/results-2026-10-05.json;docs/evidence/P02-01/review-2026-10-05.md;docs/evidence/P02-01/review-results-2026-10-05.json,c9cd482+working-tree;apps/desktop/src/renderer/src/desktop-shell.tsx;apps/desktop/src/renderer/src/desktop-settings.tsx;packages/contracts/src/desktop.ts;packages/core/src/service.ts;P02-review:aebd898,头像/昵称保存；有界PNG/JPEG/WebP静态缩略；ADR0022；本任务本地已验证；真实模型验收继承P01；2026-10-05；2026-10-05复核：源码与记录一致；本轮定向unit10/10及integration4/4退出0；未重跑E2E或live；状态保持
FR-02-003,实现,P02-01,implemented_not_live_verified,P02-01.unit;P02-01.integration;P02-01.e2e;T01;T22,docs/evidence/P02-01/implementation-2026-10-05.md;docs/evidence/P02-01/results-2026-10-05.json;docs/evidence/P02-01/review-2026-10-05.md;docs/evidence/P02-01/review-results-2026-10-05.json,c9cd482+working-tree;apps/desktop/src/renderer/src/desktop-shell.tsx;apps/desktop/src/renderer/src/desktop-settings.tsx;packages/contracts/src/desktop.ts;packages/core/src/service.ts;P02-review:aebd898,个人设置中的本地协议/隐私入口；本任务本地已验证；真实模型验收继承P01；2026-10-05；2026-10-05复核：源码与记录一致；本轮定向unit10/10及integration4/4退出0；未重跑E2E或live；状态保持
FR-02-004,实现,P01-01,in_progress,P01-01 unit/integration/e2e;P01-01 missing MIME and terminal cancellation;P01-01 read-only real text/echo probe;P01-01 logout and clear record DPAPI,docs/evidence/P01-01/missing-mime-results.json;docs/evidence/P01-01/missing-mime-2026-10-04.md;docs/evidence/P01-01/connection-report.json;docs/evidence/P01-01/windows-local-audit-2026-10-03.json;docs/evidence/P00-01/local-startup-results.json;docs/evidence/P00-01/cherry-pick-results.json;docs/evidence/P01-02/zhipu-fix/P01-review-2026-10-04.md;docs/evidence/P01-01/login-user-report-2026-10-04.md;docs/evidence/P01-02/zhipu-fix/handoff-2026-10-04.md;docs/evidence/P01-02/P01-review-2026-10-05.md,本记录所在P01-01修复提交,注销/清除记录已修复；真实Luna文本/echo ready；缺响应头与终结取消误报修复；build0/unit46/integration65；完整live待验收；R01 configured；本地commit未push;cherry-pick8098c2f启动修复及历史证据;R01最新状态保留;当前分支cherry-pick复验build-desktop/check/Electron1/test-dev两轮退出0；P01最新复核：R01/R13/R14已配置基础probe通过但完整live待补；R02-R05待资源；API工程尾项未完成故阶段failed；Codex新登录成功页与TapKit失败/未配置/模型禁用不一致待处理；用户要求真实调用先明确同意；2026-10-04 20:30用户要求后续测试移交其他开发者且不在其本机继续；Chat完整live撤回未运行；交接已更新；本次仅文档无测试/调用；恢复开发及交接改动未提交推送；P01-gate failed，旧步骤仅历史；2026-10-04 20:35用户授权将最新实现/测试/进度/交接提交推送origin同名分支；此前未提交为历史；验收状态不提升且不续本机测试；2026-10-05远程分支复核aebd898：新登录报告与完整live待处理；当前本地fixture已恢复授权；本次仅静态复核不调用账户
FR-03-001,实现,P02-01,implemented_not_live_verified,P02-01.unit;P02-01.integration;P02-01.e2e;T01;T22,docs/evidence/P02-01/implementation-2026-10-05.md;docs/evidence/P02-01/results-2026-10-05.json;docs/evidence/P02-01/review-2026-10-05.md;docs/evidence/P02-01/review-results-2026-10-05.json,c9cd482+working-tree;apps/desktop/src/renderer/src/desktop-shell.tsx;apps/desktop/src/renderer/src/desktop-settings.tsx;packages/contracts/src/desktop.ts;packages/core/src/service.ts;P02-review:aebd898,Core创建session主branch及项目名称；幂等回执；本任务本地已验证；真实模型验收继承P01；2026-10-05；2026-10-05复核：源码与记录一致；本轮定向unit10/10及integration4/4退出0；未重跑E2E或live；状态保持
FR-03-002,部分实现,P03-01,in_progress,P03-01.audit,docs/evidence/P03-01/dependency-preflight-2026-10-05.json;docs/evidence/P03-01/checkpoint-2026-10-06.json;docs/evidence/P03-01/repository-2026-10-06.json;docs/evidence/P03-01/parser-checkpoint-2026-10-06.json;docs/evidence/P03-01/office-parser-checkpoint-2026-10-06.json;docs/evidence/P03-01/pdf-parser-checkpoint-2026-10-06.json;docs/evidence/P03-01/native-parser-failure-2026-10-06.json;docs/evidence/P03-01/storage-checkpoint-2026-10-06.json;docs/evidence/P03-01/material-checkpoint-2026-10-09.json;docs/evidence/P03-01/material-delivery-2026-10-09.json;docs/evidence/P03-01/chat-host-checkpoint-2026-10-09.json;docs/evidence/P03-01/chat-host-delivery-2026-10-09.json;docs/evidence/P03-01/scoped-library-checkpoint-2026-10-09.json;docs/evidence/P03-01/requirements-audit-2026-10-09.md;docs/evidence/P03-01/resume-validation-2026-10-09.json;docs/evidence/P03-01/public-snapshot-preparation-2026-10-09.json,47db847+working-tree:ADR0039/0040,静态文件导入预览可以；不发送到视觉模型或执行图片理解；2026-10-05用户授权P03，前置门禁已核验；业务尚未验收；schema8/契约unit230及相关integration36通过；业务未验收；原生依赖因当前标准用户失败关闭；文件仓库基础里程碑unit230/相关integration45/check=0；Host/实际解析/UI待实现；状态in_progress；受限文本/ZIP handler注册；unit242/integration50/check/build=0；新P03原生/Office/PDF/Host/UI待验；保持in_progress；bcedfd7已push；最新PR Check因INDEX格式失败待修正和复验；只读OOXML及真实native验收代码已实现；unit251/相关integration16/check/build=0；真实native待CI及PDF/image/Host/UI待完成；PDF页/矩形worker及固定资源实现；unit255/integration19/check/build=0；旧OOXML CI集成失败待日志修复；native仍未验收；旧CI仅P03原生3项失败待精确诊断；P00标准22/22及六轮Office通过；仓库清预览/去重占用/备份保留已实现unit255/integration56/check=0；Host/UI未接入；2026-10-09聊天固定解析结构/项目授权与旧版引用实现，integration53/unit7/Electron12通过；物理导入统一/native待收口，不冒充原生解析验收；8f69beb已push且SHA核验，最新CI仍因R15零步骤failure，状态不提升；2026-10-09物理聊天Host导入/虚拟粘贴兼容及固定项目下载撤权链路已验证；unit13/integration56/最终Electron14+单项复验1通过；R15/native与导航故障审计待收口，状态不提升；99afbad已push/SHA一致，当前CI仍R15零步骤失败，新native诊断未运行；2026-10-09导航生命周期/固定范围版本修复：unit15/integration81/P03 Electron12通过；跨范围目录/需求审计/native待收口，状态不提升;2026-10-09接续最终审计：物理聊天 Host 导入和虚拟粘贴/导航已验；图片理解延期，文档原生解析待验；本地unit44/integration148/Electron17通过，R15/native未收口，任务状态不提升;2026-10-09独立公开副本本地准备；新CI未运行；R15 pending；任务状态不提升
FR-03-003,实现,P02-01,implemented_not_live_verified,P02-01.unit;P02-01.integration;P02-01.e2e;T01;T22,docs/evidence/P02-01/implementation-2026-10-05.md;docs/evidence/P02-01/results-2026-10-05.json;docs/evidence/P02-01/review-2026-10-05.md;docs/evidence/P02-01/review-results-2026-10-05.json,c9cd482+working-tree;apps/desktop/src/renderer/src/desktop-shell.tsx;apps/desktop/src/renderer/src/desktop-settings.tsx;packages/contracts/src/desktop.ts;packages/core/src/service.ts;P02-review:aebd898,默认聊天；聊天/工作草稿模式与列表；本任务本地已验证；真实模型验收继承P01；2026-10-05；2026-10-05复核：源码与记录一致；本轮定向unit10/10及integration4/4退出0；未重跑E2E或live；状态保持
FR-03-004,部分实现,P02-01,implemented_not_live_verified,P02-01.unit;P02-01.integration;P02-01.e2e;T01;T22,docs/evidence/P02-01/implementation-2026-10-05.md;docs/evidence/P02-01/results-2026-10-05.json;docs/evidence/P02-01/review-2026-10-05.md;docs/evidence/P02-01/review-results-2026-10-05.json,c9cd482+working-tree;apps/desktop/src/renderer/src/desktop-shell.tsx;apps/desktop/src/renderer/src/desktop-settings.tsx;packages/contracts/src/desktop.ts;packages/core/src/service.ts;P02-review:aebd898,最近入口可用；智能体/工具/模板规划中不造假；本任务本地已验证；真实模型验收继承P01；2026-10-05；2026-10-05复核：源码与记录一致；本轮定向unit10/10及integration4/4退出0；未重跑E2E或live；状态保持
FR-03-005,实现,P02-01,implemented_not_live_verified,P02-01.unit;P02-01.integration;P02-01.e2e;T01;T22,docs/evidence/P02-01/implementation-2026-10-05.md;docs/evidence/P02-01/results-2026-10-05.json;docs/evidence/P02-01/review-2026-10-05.md;docs/evidence/P02-01/review-results-2026-10-05.json,c9cd482+working-tree;apps/desktop/src/renderer/src/desktop-shell.tsx;apps/desktop/src/renderer/src/desktop-settings.tsx;packages/contracts/src/desktop.ts;packages/core/src/service.ts;P02-review:aebd898,真实最近/置顶/项目/文件/未读快照；运行底层未开放；本任务本地已验证；真实模型验收继承P01；2026-10-05；2026-10-05复核：源码与记录一致；本轮定向unit10/10及integration4/4退出0；未重跑E2E或live；状态保持
FR-03-006,实现,P02-01,implemented_not_live_verified,P02-01.unit;P02-01.integration;P02-01.e2e;T01;T22,docs/evidence/P02-01/implementation-2026-10-05.md;docs/evidence/P02-01/results-2026-10-05.json;docs/evidence/P02-01/review-2026-10-05.md;docs/evidence/P02-01/review-results-2026-10-05.json,c9cd482+working-tree;apps/desktop/src/renderer/src/desktop-shell.tsx;apps/desktop/src/renderer/src/desktop-settings.tsx;packages/contracts/src/desktop.ts;packages/core/src/service.ts;P02-review:aebd898,待确认数读取Core；执行未开放不构造run状态；本任务本地已验证；真实模型验收继承P01；2026-10-05；2026-10-05复核：源码与记录一致；本轮定向unit10/10及integration4/4退出0；未重跑E2E或live；状态保持
FR-03-007,调整实现,P02-01,implemented_not_live_verified,P02-01.unit;P02-01.integration;P02-01.e2e;T01;T22,docs/evidence/P02-01/implementation-2026-10-05.md;docs/evidence/P02-01/results-2026-10-05.json;docs/evidence/P02-01/review-2026-10-05.md;docs/evidence/P02-01/review-results-2026-10-05.json,c9cd482+working-tree;apps/desktop/src/renderer/src/desktop-shell.tsx;apps/desktop/src/renderer/src/desktop-settings.tsx;packages/contracts/src/desktop.ts;packages/core/src/service.ts;P02-review:aebd898,三条示例仅填草稿；用户模板规划中；本任务本地已验证；真实模型验收继承P01；2026-10-05；2026-10-05复核：源码与记录一致；本轮定向unit10/10及integration4/4退出0；未重跑E2E或live；状态保持
FR-03-008,实现,P02-01,implemented_not_live_verified,P02-01.unit;P02-01.integration;P02-01.e2e;T01;T22,docs/evidence/P02-01/implementation-2026-10-05.md;docs/evidence/P02-01/results-2026-10-05.json;docs/evidence/P02-01/review-2026-10-05.md;docs/evidence/P02-01/review-results-2026-10-05.json,c9cd482+working-tree;apps/desktop/src/renderer/src/desktop-shell.tsx;apps/desktop/src/renderer/src/desktop-settings.tsx;packages/contracts/src/desktop.ts;packages/core/src/service.ts;P02-review:aebd898,隐藏示例偏好持久化；本任务本地已验证；真实模型验收继承P01；2026-10-05；2026-10-05复核：源码与记录一致；本轮定向unit10/10及integration4/4退出0；未重跑E2E或live；状态保持
FR-03-009,实现,P02-01,implemented_not_live_verified,P02-01.unit;P02-01.integration;P02-01.e2e;T01;T22,docs/evidence/P02-01/implementation-2026-10-05.md;docs/evidence/P02-01/results-2026-10-05.json;docs/evidence/P02-01/review-2026-10-05.md;docs/evidence/P02-01/review-results-2026-10-05.json,c9cd482+working-tree;apps/desktop/src/renderer/src/desktop-shell.tsx;apps/desktop/src/renderer/src/desktop-settings.tsx;packages/contracts/src/desktop.ts;packages/core/src/service.ts;P02-review:aebd898,空记录引导；账户读取失败不阻塞本地设置；本任务本地已验证；真实模型验收继承P01；2026-10-05；2026-10-05复核：源码与记录一致；本轮定向unit10/10及integration4/4退出0；未重跑E2E或live；状态保持
FR-04-001,实现,P02-03,implemented_not_live_verified,P02-03.unit;P02-03.integration;P02-03.e2e;T06;T10;T20;P02-01.e2e;T22,docs/evidence/P02-03/implementation-2026-10-05.md;docs/evidence/P02-03/results-2026-10-05.json;docs/evidence/P02-03/git-delivery-2026-10-05.json,commit:69df0048d63af3755ac4da3621b936284bffad4d;schema7;packages/core/src/history-service.ts;apps/desktop/src/renderer/src/history-ui.tsx;apps/desktop/src/renderer/src/message-history.tsx;apps/desktop/src/renderer/src/desktop-shell.tsx,2026-10-05本地实现与检查完成；44条覆盖见实现证据；真人模型与P00/P01门禁沿用未通过状态；实现69df004已提交推送且远程SHA一致
FR-04-002,实现,P02-03,implemented_not_live_verified,P02-03.unit;P02-03.integration;P02-03.e2e;T06;T10;T20;P02-01.e2e;T22,docs/evidence/P02-03/implementation-2026-10-05.md;docs/evidence/P02-03/results-2026-10-05.json;docs/evidence/P02-03/git-delivery-2026-10-05.json,commit:69df0048d63af3755ac4da3621b936284bffad4d;schema7;packages/core/src/history-service.ts;apps/desktop/src/renderer/src/history-ui.tsx;apps/desktop/src/renderer/src/message-history.tsx;apps/desktop/src/renderer/src/desktop-shell.tsx,2026-10-05本地实现与检查完成；44条覆盖见实现证据；真人模型与P00/P01门禁沿用未通过状态；实现69df004已提交推送且远程SHA一致
FR-04-003,实现,P02-03,implemented_not_live_verified,P02-03.unit;P02-03.integration;P02-03.e2e;T06;T10;T20;P02-01.e2e;T22;P02-03.perf,docs/evidence/P02-03/implementation-2026-10-05.md;docs/evidence/P02-03/results-2026-10-05.json;docs/evidence/P02-03/performance-2026-10-05.json;docs/evidence/P02-03/git-delivery-2026-10-05.json,commit:69df0048d63af3755ac4da3621b936284bffad4d;schema7;packages/core/src/history-service.ts;apps/desktop/src/renderer/src/history-ui.tsx;apps/desktop/src/renderer/src/message-history.tsx;apps/desktop/src/renderer/src/desktop-shell.tsx,2026-10-05本地实现与检查完成；44条覆盖见实现证据；真人模型与P00/P01门禁沿用未通过状态；1万会话/10万消息：列表P95 13.32ms 搜索289.35ms；文件仅名称；实现69df004已提交推送且远程SHA一致
FR-04-004,实现,P02-03,implemented_not_live_verified,P02-03.unit;P02-03.integration;P02-03.e2e;T06;T10;T20;P02-01.e2e;T22,docs/evidence/P02-03/implementation-2026-10-05.md;docs/evidence/P02-03/results-2026-10-05.json;docs/evidence/P02-03/git-delivery-2026-10-05.json,commit:69df0048d63af3755ac4da3621b936284bffad4d;schema7;packages/core/src/history-service.ts;apps/desktop/src/renderer/src/history-ui.tsx;apps/desktop/src/renderer/src/message-history.tsx;apps/desktop/src/renderer/src/desktop-shell.tsx,2026-10-05本地实现与检查完成；44条覆盖见实现证据；真人模型与P00/P01门禁沿用未通过状态；实现69df004已提交推送且远程SHA一致
FR-04-005,实现,P02-03,implemented_not_live_verified,P02-03.unit;P02-03.integration;P02-03.e2e;T06;T10;T20;P02-01.e2e;T22,docs/evidence/P02-03/implementation-2026-10-05.md;docs/evidence/P02-03/results-2026-10-05.json;docs/evidence/P02-03/git-delivery-2026-10-05.json,commit:69df0048d63af3755ac4da3621b936284bffad4d;schema7;packages/core/src/history-service.ts;apps/desktop/src/renderer/src/history-ui.tsx;apps/desktop/src/renderer/src/message-history.tsx;apps/desktop/src/renderer/src/desktop-shell.tsx,2026-10-05本地实现与检查完成；44条覆盖见实现证据；真人模型与P00/P01门禁沿用未通过状态；实现69df004已提交推送且远程SHA一致
FR-04-006,实现,P02-03,implemented_not_live_verified,P02-03.unit;P02-03.integration;P02-03.e2e;T06;T10;T20;P02-01.e2e;T22;P02-03.perf,docs/evidence/P02-03/implementation-2026-10-05.md;docs/evidence/P02-03/results-2026-10-05.json;docs/evidence/P02-03/performance-2026-10-05.json;docs/evidence/P02-03/git-delivery-2026-10-05.json,commit:69df0048d63af3755ac4da3621b936284bffad4d;schema7;packages/core/src/history-service.ts;apps/desktop/src/renderer/src/history-ui.tsx;apps/desktop/src/renderer/src/message-history.tsx;apps/desktop/src/renderer/src/desktop-shell.tsx,2026-10-05本地实现与检查完成；44条覆盖见实现证据；真人模型与P00/P01门禁沿用未通过状态；1万会话/10万消息：列表P95 13.32ms 搜索289.35ms；文件仅名称；实现69df004已提交推送且远程SHA一致
FR-04-007,实现,P02-03,implemented_not_live_verified,P02-03.unit;P02-03.integration;P02-03.e2e;T06;T10;T20;P02-01.e2e;T22,docs/evidence/P02-03/implementation-2026-10-05.md;docs/evidence/P02-03/results-2026-10-05.json;docs/evidence/P02-03/git-delivery-2026-10-05.json,commit:69df0048d63af3755ac4da3621b936284bffad4d;schema7;packages/core/src/history-service.ts;apps/desktop/src/renderer/src/history-ui.tsx;apps/desktop/src/renderer/src/message-history.tsx;apps/desktop/src/renderer/src/desktop-shell.tsx,2026-10-05本地实现与检查完成；44条覆盖见实现证据；真人模型与P00/P01门禁沿用未通过状态；实现69df004已提交推送且远程SHA一致
FR-04-008,实现,P02-03,implemented_not_live_verified,P02-03.unit;P02-03.integration;P02-03.e2e;T06;T10;T20;P02-01.e2e;T22,docs/evidence/P02-03/implementation-2026-10-05.md;docs/evidence/P02-03/results-2026-10-05.json;docs/evidence/P02-03/git-delivery-2026-10-05.json,commit:69df0048d63af3755ac4da3621b936284bffad4d;schema7;packages/core/src/history-service.ts;apps/desktop/src/renderer/src/history-ui.tsx;apps/desktop/src/renderer/src/message-history.tsx;apps/desktop/src/renderer/src/desktop-shell.tsx,2026-10-05本地实现与检查完成；44条覆盖见实现证据；真人模型与P00/P01门禁沿用未通过状态；实现69df004已提交推送且远程SHA一致
FR-04-009,实现,P02-03,implemented_not_live_verified,P02-03.unit;P02-03.integration;P02-03.e2e;T06;T10;T20;P02-01.e2e;T22,docs/evidence/P02-03/implementation-2026-10-05.md;docs/evidence/P02-03/results-2026-10-05.json;docs/evidence/P02-03/git-delivery-2026-10-05.json,commit:69df0048d63af3755ac4da3621b936284bffad4d;schema7;packages/core/src/history-service.ts;apps/desktop/src/renderer/src/history-ui.tsx;apps/desktop/src/renderer/src/message-history.tsx;apps/desktop/src/renderer/src/desktop-shell.tsx,2026-10-05本地实现与检查完成；44条覆盖见实现证据；真人模型与P00/P01门禁沿用未通过状态；实现69df004已提交推送且远程SHA一致
FR-04-010,实现,P02-03,implemented_not_live_verified,P02-03.unit;P02-03.integration;P02-03.e2e;T06;T10;T20;P02-01.e2e;T22,docs/evidence/P02-03/implementation-2026-10-05.md;docs/evidence/P02-03/results-2026-10-05.json;docs/evidence/P02-03/git-delivery-2026-10-05.json,commit:69df0048d63af3755ac4da3621b936284bffad4d;schema7;packages/core/src/history-service.ts;apps/desktop/src/renderer/src/history-ui.tsx;apps/desktop/src/renderer/src/message-history.tsx;apps/desktop/src/renderer/src/desktop-shell.tsx,2026-10-05本地实现与检查完成；44条覆盖见实现证据；真人模型与P00/P01门禁沿用未通过状态；实现69df004已提交推送且远程SHA一致
FR-04-011,实现,P02-03,implemented_not_live_verified,P02-03.unit;P02-03.integration;P02-03.e2e;T06;T10;T20;P02-01.e2e;T22,docs/evidence/P02-03/implementation-2026-10-05.md;docs/evidence/P02-03/results-2026-10-05.json;docs/evidence/P02-03/git-delivery-2026-10-05.json,commit:69df0048d63af3755ac4da3621b936284bffad4d;schema7;packages/core/src/history-service.ts;apps/desktop/src/renderer/src/history-ui.tsx;apps/desktop/src/renderer/src/message-history.tsx;apps/desktop/src/renderer/src/desktop-shell.tsx,2026-10-05本地实现与检查完成；44条覆盖见实现证据；真人模型与P00/P01门禁沿用未通过状态；实现69df004已提交推送且远程SHA一致
FR-04-012,实现,P02-03,implemented_not_live_verified,P02-03.unit;P02-03.integration;P02-03.e2e;T06;T10;T20;P02-01.e2e;T22,docs/evidence/P02-03/implementation-2026-10-05.md;docs/evidence/P02-03/results-2026-10-05.json;docs/evidence/P02-03/git-delivery-2026-10-05.json,commit:69df0048d63af3755ac4da3621b936284bffad4d;schema7;packages/core/src/history-service.ts;apps/desktop/src/renderer/src/history-ui.tsx;apps/desktop/src/renderer/src/message-history.tsx;apps/desktop/src/renderer/src/desktop-shell.tsx,2026-10-05本地实现与检查完成；44条覆盖见实现证据；真人模型与P00/P01门禁沿用未通过状态；实现69df004已提交推送且远程SHA一致
FR-04-013,实现,P02-03,implemented_not_live_verified,P02-03.unit;P02-03.integration;P02-03.e2e;T06;T10;T20;P02-01.e2e;T22,docs/evidence/P02-03/implementation-2026-10-05.md;docs/evidence/P02-03/results-2026-10-05.json;docs/evidence/P02-03/git-delivery-2026-10-05.json,commit:69df0048d63af3755ac4da3621b936284bffad4d;schema7;packages/core/src/history-service.ts;apps/desktop/src/renderer/src/history-ui.tsx;apps/desktop/src/renderer/src/message-history.tsx;apps/desktop/src/renderer/src/desktop-shell.tsx,2026-10-05本地实现与检查完成；44条覆盖见实现证据；真人模型与P00/P01门禁沿用未通过状态；实现69df004已提交推送且远程SHA一致
FR-04-014,实现,P02-03,implemented_not_live_verified,P02-03.unit;P02-03.integration;P02-03.e2e;T06;T10;T20;P02-01.e2e;T22,docs/evidence/P02-03/implementation-2026-10-05.md;docs/evidence/P02-03/results-2026-10-05.json;docs/evidence/P02-03/git-delivery-2026-10-05.json,commit:69df0048d63af3755ac4da3621b936284bffad4d;schema7;packages/core/src/history-service.ts;apps/desktop/src/renderer/src/history-ui.tsx;apps/desktop/src/renderer/src/message-history.tsx;apps/desktop/src/renderer/src/desktop-shell.tsx,2026-10-05本地实现与检查完成；44条覆盖见实现证据；真人模型与P00/P01门禁沿用未通过状态；实现69df004已提交推送且远程SHA一致
FR-04-015,实现,P02-03,implemented_not_live_verified,P02-03.unit;P02-03.integration;P02-03.e2e;T06;T10;T20;P02-01.e2e;T22,docs/evidence/P02-03/implementation-2026-10-05.md;docs/evidence/P02-03/results-2026-10-05.json;docs/evidence/P02-03/git-delivery-2026-10-05.json,commit:69df0048d63af3755ac4da3621b936284bffad4d;schema7;packages/core/src/history-service.ts;apps/desktop/src/renderer/src/history-ui.tsx;apps/desktop/src/renderer/src/message-history.tsx;apps/desktop/src/renderer/src/desktop-shell.tsx,2026-10-05本地实现与检查完成；44条覆盖见实现证据；真人模型与P00/P01门禁沿用未通过状态；实现69df004已提交推送且远程SHA一致
FR-04-016,实现,P02-03,implemented_not_live_verified,P02-03.unit;P02-03.integration;P02-03.e2e;T06;T10;T20;P02-01.e2e;T22,docs/evidence/P02-03/implementation-2026-10-05.md;docs/evidence/P02-03/results-2026-10-05.json;docs/evidence/P02-03/git-delivery-2026-10-05.json,commit:69df0048d63af3755ac4da3621b936284bffad4d;schema7;packages/core/src/history-service.ts;apps/desktop/src/renderer/src/history-ui.tsx;apps/desktop/src/renderer/src/message-history.tsx;apps/desktop/src/renderer/src/desktop-shell.tsx,2026-10-05本地实现与检查完成；44条覆盖见实现证据；真人模型与P00/P01门禁沿用未通过状态；实现69df004已提交推送且远程SHA一致
FR-05-001,实现,P02-03,implemented_not_live_verified,P02-03.unit;P02-03.integration;P02-03.e2e;T06;T10;T20;P02-03.perf,docs/evidence/P02-03/implementation-2026-10-05.md;docs/evidence/P02-03/results-2026-10-05.json;docs/evidence/P02-03/performance-2026-10-05.json;docs/evidence/P02-03/git-delivery-2026-10-05.json,commit:69df0048d63af3755ac4da3621b936284bffad4d;schema7;packages/core/src/history-service.ts;apps/desktop/src/renderer/src/history-ui.tsx;apps/desktop/src/renderer/src/message-history.tsx,2026-10-05本地实现与检查完成；44条覆盖见实现证据；真人模型与P00/P01门禁沿用未通过状态；1万会话/10万消息：列表P95 13.32ms 搜索289.35ms；文件仅名称；实现69df004已提交推送且远程SHA一致
FR-05-002,实现,P02-03,implemented_not_live_verified,P02-03.unit;P02-03.integration;P02-03.e2e;T06;T10;T20;P02-03.perf,docs/evidence/P02-03/implementation-2026-10-05.md;docs/evidence/P02-03/results-2026-10-05.json;docs/evidence/P02-03/performance-2026-10-05.json;docs/evidence/P02-03/git-delivery-2026-10-05.json;docs/evidence/P02-03/ci-search-optimization-2026-10-05.json,commit:69df0048d63af3755ac4da3621b936284bffad4d;schema7;packages/core/src/history-service.ts;apps/desktop/src/renderer/src/history-ui.tsx;apps/desktop/src/renderer/src/message-history.tsx,2026-10-05本地实现与检查完成；44条覆盖见实现证据；真人模型与P00/P01门禁沿用未通过状态；1万会话/10万消息：列表P95 13.32ms 搜索289.35ms；文件仅名称；实现69df004已提交推送且远程SHA一致；CI37305371971 Office完整及三轮通过；剩搜索552.35ms（push971.96ms）；保留500ms并优化FTS时间排序/会话权限关联；本地unit227 integration15 perf1 Electron4 build通过；新源码CI待验；491d316已推送且远程SHA一致；PR CI37309310850 check最终失败；head491仅搜索1031.16ms失败（push531.23ms）；评分候选同分保留且过滤不足扩增同一快照；本地unit227 integration16 perf1 搜索114.74ms Electron4及生产恢复通过；真实新CI待验；e3d5d1f已推送并核对远程；PR CI37313071166及push CI37313064059完整通过；搜索P95 269.99/210.48ms满足500ms；任务/门禁状态保持
FR-05-003,实现,P02-03,implemented_not_live_verified,P02-03.unit;P02-03.integration;P02-03.e2e;T06;T10;T20;P02-03.perf,docs/evidence/P02-03/implementation-2026-10-05.md;docs/evidence/P02-03/results-2026-10-05.json;docs/evidence/P02-03/performance-2026-10-05.json;docs/evidence/P02-03/git-delivery-2026-10-05.json,commit:69df0048d63af3755ac4da3621b936284bffad4d;schema7;packages/core/src/history-service.ts;apps/desktop/src/renderer/src/history-ui.tsx;apps/desktop/src/renderer/src/message-history.tsx,2026-10-05本地实现与检查完成；44条覆盖见实现证据；真人模型与P00/P01门禁沿用未通过状态；1万会话/10万消息：列表P95 13.32ms 搜索289.35ms；文件仅名称；实现69df004已提交推送且远程SHA一致
FR-05-004,实现,P02-03,implemented_not_live_verified,P02-03.unit;P02-03.integration;P02-03.e2e;T06;T10;T20;P02-03.perf,docs/evidence/P02-03/implementation-2026-10-05.md;docs/evidence/P02-03/results-2026-10-05.json;docs/evidence/P02-03/performance-2026-10-05.json;docs/evidence/P02-03/git-delivery-2026-10-05.json;docs/evidence/P00-03/ci-followup-2026-10-05.json;docs/evidence/P00-03/ci-run37300466141.json;docs/evidence/P02-03/ci-search-optimization-2026-10-05.json,commit:69df0048d63af3755ac4da3621b936284bffad4d;schema7;packages/core/src/history-service.ts;apps/desktop/src/renderer/src/history-ui.tsx;apps/desktop/src/renderer/src/message-history.tsx;commit:856b160d225f70dd9e4e6e82fdc4b1afa5549422,2026-10-05本地实现与检查完成；44条覆盖见实现证据；真人模型与P00/P01门禁沿用未通过状态；1万会话/10万消息：列表P95 13.32ms 搜索289.35ms；文件仅名称；实现69df004已提交推送且远程SHA一致；2026-10-05 CI37277722714确认P00 Electron已通过；搜索658ms改独立perf采样本地207.46ms；Office首轮finished后退出timeout且后两轮通过不覆盖失败；仅补诊断未声称修复；新CI待验；856b160已按用户授权推送且远程SHA一致；PR CI37300466141最终失败；CI37300466141建库与查询共用60秒导致timeout及Office第2轮读0后退出timeout；候选拆分setup与query预算并将PyUNO调用排入主循环；本地unit227及perf1通过搜索231.82ms；真实Office新CI待验；9837526已按用户授权提交/推送且远程SHA一致；PR CI37305371971最终失败，未声称Office修复通过。；CI37305371971 Office完整及三轮通过；剩搜索552.35ms（push971.96ms）；保留500ms并优化FTS时间排序/会话权限关联；本地unit227 integration15 perf1 Electron4 build通过；新源码CI待验；491d316已推送且远程SHA一致；PR CI37309310850 check最终失败；head491仅搜索1031.16ms失败（push531.23ms）；评分候选同分保留且过滤不足扩增同一快照；本地unit227 integration16 perf1 搜索114.74ms Electron4及生产恢复通过；真实新CI待验；e3d5d1f已推送并核对远程；PR CI37313071166及push CI37313064059完整通过；搜索P95 269.99/210.48ms满足500ms；任务/门禁状态保持
FR-05-005,实现,P02-03,implemented_not_live_verified,P02-03.unit;P02-03.integration;P02-03.e2e;T06;T10;T20;P02-03.perf,docs/evidence/P02-03/implementation-2026-10-05.md;docs/evidence/P02-03/results-2026-10-05.json;docs/evidence/P02-03/performance-2026-10-05.json;docs/evidence/P02-03/git-delivery-2026-10-05.json;docs/evidence/P00-03/ci-followup-2026-10-05.json;docs/evidence/P00-03/ci-run37300466141.json;docs/evidence/P02-03/ci-search-optimization-2026-10-05.json,commit:69df0048d63af3755ac4da3621b936284bffad4d;schema7;packages/core/src/history-service.ts;apps/desktop/src/renderer/src/history-ui.tsx;apps/desktop/src/renderer/src/message-history.tsx;commit:856b160d225f70dd9e4e6e82fdc4b1afa5549422,2026-10-05本地实现与检查完成；44条覆盖见实现证据；真人模型与P00/P01门禁沿用未通过状态；1万会话/10万消息：列表P95 13.32ms 搜索289.35ms；文件仅名称；实现69df004已提交推送且远程SHA一致；2026-10-05 CI37277722714确认P00 Electron已通过；搜索658ms改独立perf采样本地207.46ms；Office首轮finished后退出timeout且后两轮通过不覆盖失败；仅补诊断未声称修复；新CI待验；856b160已按用户授权推送且远程SHA一致；PR CI37300466141最终失败；CI37300466141建库与查询共用60秒导致timeout及Office第2轮读0后退出timeout；候选拆分setup与query预算并将PyUNO调用排入主循环；本地unit227及perf1通过搜索231.82ms；真实Office新CI待验；9837526已按用户授权提交/推送且远程SHA一致；PR CI37305371971最终失败，未声称Office修复通过。；CI37305371971 Office完整及三轮通过；剩搜索552.35ms（push971.96ms）；保留500ms并优化FTS时间排序/会话权限关联；本地unit227 integration15 perf1 Electron4 build通过；新源码CI待验；491d316已推送且远程SHA一致；PR CI37309310850 check最终失败；head491仅搜索1031.16ms失败（push531.23ms）；评分候选同分保留且过滤不足扩增同一快照；本地unit227 integration16 perf1 搜索114.74ms Electron4及生产恢复通过；真实新CI待验；e3d5d1f已推送并核对远程；PR CI37313071166及push CI37313064059完整通过；搜索P95 269.99/210.48ms满足500ms；任务/门禁状态保持
FR-05-006,实现,P02-03,implemented_not_live_verified,P02-03.unit;P02-03.integration;P02-03.e2e;T06;T10;T20;P02-03.perf,docs/evidence/P02-03/implementation-2026-10-05.md;docs/evidence/P02-03/results-2026-10-05.json;docs/evidence/P02-03/performance-2026-10-05.json;docs/evidence/P02-03/git-delivery-2026-10-05.json,commit:69df0048d63af3755ac4da3621b936284bffad4d;schema7;packages/core/src/history-service.ts;apps/desktop/src/renderer/src/history-ui.tsx;apps/desktop/src/renderer/src/message-history.tsx,2026-10-05本地实现与检查完成；44条覆盖见实现证据；真人模型与P00/P01门禁沿用未通过状态；1万会话/10万消息：列表P95 13.32ms 搜索289.35ms；文件仅名称；实现69df004已提交推送且远程SHA一致
FR-05-007,实现,P02-03,implemented_not_live_verified,P02-03.unit;P02-03.integration;P02-03.e2e;T06;T10;T20;P02-03.perf,docs/evidence/P02-03/implementation-2026-10-05.md;docs/evidence/P02-03/results-2026-10-05.json;docs/evidence/P02-03/performance-2026-10-05.json;docs/evidence/P02-03/git-delivery-2026-10-05.json;docs/evidence/P02-03/ci-search-optimization-2026-10-05.json,commit:69df0048d63af3755ac4da3621b936284bffad4d;schema7;packages/core/src/history-service.ts;apps/desktop/src/renderer/src/history-ui.tsx;apps/desktop/src/renderer/src/message-history.tsx,2026-10-05本地实现与检查完成；44条覆盖见实现证据；真人模型与P00/P01门禁沿用未通过状态；1万会话/10万消息：列表P95 13.32ms 搜索289.35ms；文件仅名称；实现69df004已提交推送且远程SHA一致；CI37305371971 Office完整及三轮通过；剩搜索552.35ms（push971.96ms）；保留500ms并优化FTS时间排序/会话权限关联；本地unit227 integration15 perf1 Electron4 build通过；新源码CI待验；491d316已推送且远程SHA一致；PR CI37309310850 check最终失败；head491仅搜索1031.16ms失败（push531.23ms）；评分候选同分保留且过滤不足扩增同一快照；本地unit227 integration16 perf1 搜索114.74ms Electron4及生产恢复通过；真实新CI待验；e3d5d1f已推送并核对远程；PR CI37313071166及push CI37313064059完整通过；搜索P95 269.99/210.48ms满足500ms；任务/门禁状态保持
FR-06-001,实现,P02-02,implemented_not_live_verified,P02-02.unit;P02-02.integration;P02-02.e2e;T02;T05;T13;T19,docs/evidence/P02-02/implementation-2026-10-05.md;docs/evidence/P02-02/results-2026-10-05.json,aebd898+working-tree;packages/contracts/src/chat.ts;packages/core/src/chat-service.ts;packages/tools/src/read-gateway.ts;apps/desktop/src/renderer/src/chat-surface.tsx;packages/ui/src/chat-markdown.tsx;migrations/0006_chat.sql,多行自动增高与展开；输入加载保护；本地规定检查通过；live继承P01/R01/R13/R14待验；2026-10-05
FR-06-002,实现,P02-02,implemented_not_live_verified,P02-02.unit;P02-02.integration;P02-02.e2e;T02;T05;T13;T19,docs/evidence/P02-02/implementation-2026-10-05.md;docs/evidence/P02-02/results-2026-10-05.json,aebd898+working-tree;packages/contracts/src/chat.ts;packages/core/src/chat-service.ts;packages/tools/src/read-gateway.ts;apps/desktop/src/renderer/src/chat-surface.tsx;packages/ui/src/chat-markdown.tsx;migrations/0006_chat.sql,Enter/Ctrl+Enter偏好；Shift+Enter换行；IME不发送；Electron断言；本地规定检查通过；live继承P01/R01/R13/R14待验；2026-10-05
FR-06-003,实现,P02-02,implemented_not_live_verified,P02-02.unit;P02-02.integration;P02-02.e2e;T02;T05;T13;T19,docs/evidence/P02-02/implementation-2026-10-05.md;docs/evidence/P02-02/results-2026-10-05.json,aebd898+working-tree;packages/contracts/src/chat.ts;packages/core/src/chat-service.ts;packages/tools/src/read-gateway.ts;apps/desktop/src/renderer/src/chat-surface.tsx;packages/ui/src/chat-markdown.tsx;migrations/0006_chat.sql,文本/代码/链接保持；HTML转安全文本及表格TSV；不自动加载资源；本地规定检查通过；live继承P01/R01/R13/R14待验；2026-10-05
FR-06-004,实现,P02-02,implemented_not_live_verified,P02-02.unit;P02-02.integration;P02-02.e2e;T02;T05;T13;T19,docs/evidence/P02-02/implementation-2026-10-05.md;docs/evidence/P02-02/results-2026-10-05.json,aebd898+working-tree;packages/contracts/src/chat.ts;packages/core/src/chat-service.ts;packages/tools/src/read-gateway.ts;apps/desktop/src/renderer/src/chat-surface.tsx;packages/ui/src/chat-markdown.tsx;migrations/0006_chat.sql,大于20000字符转托管文本候选；成功保存附件后移除对应原稿；本地规定检查通过；live继承P01/R01/R13/R14待验；2026-10-05
FR-06-005,实现,P02-02,implemented_not_live_verified,P02-02.unit;P02-02.integration;P02-02.e2e;T02;T05;T13;T19,docs/evidence/P02-02/implementation-2026-10-05.md;docs/evidence/P02-02/results-2026-10-05.json,aebd898+working-tree;packages/contracts/src/chat.ts;packages/core/src/chat-service.ts;packages/tools/src/read-gateway.ts;apps/desktop/src/renderer/src/chat-surface.tsx;packages/ui/src/chat-markdown.tsx;migrations/0006_chat.sql,会话及窗口槽位草稿CAS；切换及重启恢复；加载完成前禁输入；本地规定检查通过；live继承P01/R01/R13/R14待验；2026-10-05
FR-06-006,实现,P02-02,implemented_not_live_verified,P02-02.unit;P02-02.integration;P02-02.e2e;T02;T05;T13;T19,docs/evidence/P02-02/implementation-2026-10-05.md;docs/evidence/P02-02/results-2026-10-05.json,aebd898+working-tree;packages/contracts/src/chat.ts;packages/core/src/chat-service.ts;packages/tools/src/read-gateway.ts;apps/desktop/src/renderer/src/chat-surface.tsx;packages/ui/src/chat-markdown.tsx;migrations/0006_chat.sql,100000字符发送限制；超限保留至2000000字符草稿；不截断；本地规定检查通过；live继承P01/R01/R13/R14待验；2026-10-05
FR-06-007,实现,P02-02,implemented_not_live_verified,P02-02.unit;P02-02.integration;P02-02.e2e;T02;T05;T13;T19,docs/evidence/P02-02/implementation-2026-10-05.md;docs/evidence/P02-02/results-2026-10-05.json,aebd898+working-tree;packages/contracts/src/chat.ts;packages/core/src/chat-service.ts;packages/tools/src/read-gateway.ts;apps/desktop/src/renderer/src/chat-surface.tsx;packages/ui/src/chat-markdown.tsx;migrations/0006_chat.sql,Ctrl+Z/Y撤销重做与清空；草稿变动沿同一保存通道；本地规定检查通过；live继承P01/R01/R13/R14待验；2026-10-05
FR-06-008,实现,P02-02,implemented_not_live_verified,P02-02.unit;P02-02.integration;P02-02.e2e;T02;T05;T13;T19,docs/evidence/P02-02/implementation-2026-10-05.md;docs/evidence/P02-02/results-2026-10-05.json,aebd898+working-tree;packages/contracts/src/chat.ts;packages/core/src/chat-service.ts;packages/tools/src/read-gateway.ts;apps/desktop/src/renderer/src/chat-surface.tsx;packages/ui/src/chat-markdown.tsx;migrations/0006_chat.sql,help/new/work及个人纯文本snippet；非Skills/插件执行；本地规定检查通过；live继承P01/R01/R13/R14待验；2026-10-05
FR-06-009,实现,P02-02,implemented_not_live_verified,P02-02.unit;P02-02.integration;P02-02.e2e;T02;T05;T13;T19,docs/evidence/P02-02/implementation-2026-10-05.md;docs/evidence/P02-02/results-2026-10-05.json,aebd898+working-tree;packages/contracts/src/chat.ts;packages/core/src/chat-service.ts;packages/tools/src/read-gateway.ts;apps/desktop/src/renderer/src/chat-surface.tsx;packages/ui/src/chat-markdown.tsx;migrations/0006_chat.sql,按钮/拖拽/粘贴多附件；20项/100MiB；托管文本可读；媒体办公原件；本地规定检查通过；live继承P01/R01/R13/R14待验；2026-10-05
FR-06-010,部分实现,P03-03,not_started,,,,本地文件/公开URL路径纳入，云应用连接随插件占位延期
FR-06-011,延期,—,deferred,,,,摄像头/屏幕获取能力延期
FR-06-012,部分实现,P02-02,implemented_not_live_verified,P02-02.unit;P02-02.integration;P02-02.e2e;T02;T05;T13;T19,docs/evidence/P02-02/implementation-2026-10-05.md;docs/evidence/P02-02/results-2026-10-05.json,aebd898+working-tree;packages/contracts/src/chat.ts;packages/core/src/chat-service.ts;packages/tools/src/read-gateway.ts;apps/desktop/src/renderer/src/chat-surface.tsx;packages/ui/src/chat-markdown.tsx;migrations/0006_chat.sql,阶段范围：文件/已有会话可用；项目整体/网页/智能体/插件不可执行待后续；本地规定检查通过；live继承P01/R01/R13/R14待验；2026-10-05
FR-06-013,实现,P02-02,implemented_not_live_verified,P02-02.unit;P02-02.integration;P02-02.e2e;T02;T05;T13;T19,docs/evidence/P02-02/implementation-2026-10-05.md;docs/evidence/P02-02/results-2026-10-05.json,aebd898+working-tree;packages/contracts/src/chat.ts;packages/core/src/chat-service.ts;packages/tools/src/read-gateway.ts;apps/desktop/src/renderer/src/chat-surface.tsx;packages/ui/src/chat-markdown.tsx;migrations/0006_chat.sql,消息与托管文本文件选区版本定位；网页来源待P05；跨项目默认拒绝；本地规定检查通过；live继承P01/R01/R13/R14待验；2026-10-05
FR-06-014,实现,P02-02,implemented_not_live_verified,P02-02.unit;P02-02.integration;P02-02.e2e;T02;T05;T13;T19,docs/evidence/P02-02/implementation-2026-10-05.md;docs/evidence/P02-02/results-2026-10-05.json,aebd898+working-tree;packages/contracts/src/chat.ts;packages/core/src/chat-service.ts;packages/tools/src/read-gateway.ts;apps/desktop/src/renderer/src/chat-surface.tsx;packages/ui/src/chat-markdown.tsx;migrations/0006_chat.sql,真实材料名称/来源/五种处理状态；未就绪不送模型；本地规定检查通过；live继承P01/R01/R13/R14待验；2026-10-05
FR-06-015,实现,P02-02,implemented_not_live_verified,P02-02.unit;P02-02.integration;P02-02.e2e;T02;T05;T13;T19,docs/evidence/P02-02/implementation-2026-10-05.md;docs/evidence/P02-02/results-2026-10-05.json,aebd898+working-tree;packages/contracts/src/chat.ts;packages/core/src/chat-service.ts;packages/tools/src/read-gateway.ts;apps/desktop/src/renderer/src/chat-surface.tsx;packages/ui/src/chat-markdown.tsx;migrations/0006_chat.sql,发送前预览和文本选区；替换通过移除再添加；未就绪可移除；本地规定检查通过；live继承P01/R01/R13/R14待验；2026-10-05
FR-06-016,实现,P02-02,implemented_not_live_verified,P02-02.unit;P02-02.integration;P02-02.e2e;T02;T05;T13;T19,docs/evidence/P02-02/implementation-2026-10-05.md;docs/evidence/P02-02/results-2026-10-05.json,aebd898+working-tree;packages/contracts/src/chat.ts;packages/core/src/chat-service.ts;packages/tools/src/read-gateway.ts;apps/desktop/src/renderer/src/chat-surface.tsx;packages/ui/src/chat-markdown.tsx;migrations/0006_chat.sql,未就绪等待或移除；仅保存原件继续明确排除上下文；P03解析待接；本地规定检查通过；live继承P01/R01/R13/R14待验；2026-10-05
FR-06-017,实现,P02-02,implemented_not_live_verified,P02-02.unit;P02-02.integration;P02-02.e2e;T02;T05;T13;T19,docs/evidence/P02-02/implementation-2026-10-05.md;docs/evidence/P02-02/results-2026-10-05.json,aebd898+working-tree;packages/contracts/src/chat.ts;packages/core/src/chat-service.ts;packages/tools/src/read-gateway.ts;apps/desktop/src/renderer/src/chat-surface.tsx;packages/ui/src/chat-markdown.tsx;migrations/0006_chat.sql,聊天/工作草稿模式；本轮模型选择与只读范围；历史回答实际模型；本地规定检查通过；live继承P01/R01/R13/R14待验；2026-10-05
FR-06-018,实现,P02-02,implemented_not_live_verified,P02-02.unit;P02-02.integration;P02-02.e2e;T02;T05;T13;T19,docs/evidence/P02-02/implementation-2026-10-05.md;docs/evidence/P02-02/results-2026-10-05.json,aebd898+working-tree;packages/contracts/src/chat.ts;packages/core/src/chat-service.ts;packages/tools/src/read-gateway.ts;apps/desktop/src/renderer/src/chat-surface.tsx;packages/ui/src/chat-markdown.tsx;migrations/0006_chat.sql,ack前发送中；确认后已发送；失败保留草稿/错误恢复入口；本地规定检查通过；live继承P01/R01/R13/R14待验；2026-10-05
FR-06-019,实现,P02-02,implemented_not_live_verified,P02-02.unit;P02-02.integration;P02-02.e2e;T02;T05;T13;T19,docs/evidence/P02-02/implementation-2026-10-05.md;docs/evidence/P02-02/results-2026-10-05.json,aebd898+working-tree;packages/contracts/src/chat.ts;packages/core/src/chat-service.ts;packages/tools/src/read-gateway.ts;apps/desktop/src/renderer/src/chat-surface.tsx;packages/ui/src/chat-markdown.tsx;migrations/0006_chat.sql,失败重新填写；未知结果保留clientMessageId；永久载荷去重不重复；本地规定检查通过；live继承P01/R01/R13/R14待验；2026-10-05
FR-06-020,实现,P02-02,implemented_not_live_verified,P02-02.unit;P02-02.integration;P02-02.e2e;T02;T05;T13;T19,docs/evidence/P02-02/implementation-2026-10-05.md;docs/evidence/P02-02/results-2026-10-05.json,aebd898+working-tree;packages/contracts/src/chat.ts;packages/core/src/chat-service.ts;packages/tools/src/read-gateway.ts;apps/desktop/src/renderer/src/chat-surface.tsx;packages/ui/src/chat-markdown.tsx;migrations/0006_chat.sql,followup及steer；先持久化新taskVersion/取消再中止；根预算共享；本地规定检查通过；live继承P01/R01/R13/R14待验；2026-10-05
FR-06-021,实现,P02-02,implemented_not_live_verified,P02-02.unit;P02-02.integration;P02-02.e2e;T02;T05;T13;T19,docs/evidence/P02-02/implementation-2026-10-05.md;docs/evidence/P02-02/results-2026-10-05.json,aebd898+working-tree;packages/contracts/src/chat.ts;packages/core/src/chat-service.ts;packages/tools/src/read-gateway.ts;apps/desktop/src/renderer/src/chat-surface.tsx;packages/ui/src/chat-markdown.tsx;migrations/0006_chat.sql,队列可查看/编辑/取消；revision CAS与receipt去重；本地规定检查通过；live继承P01/R01/R13/R14待验；2026-10-05
FR-06-022,实现,P02-02,implemented_not_live_verified,P02-02.unit;P02-02.integration;P02-02.e2e;T02;T05;T13;T19,docs/evidence/P02-02/implementation-2026-10-05.md;docs/evidence/P02-02/results-2026-10-05.json,aebd898+working-tree;packages/contracts/src/chat.ts;packages/core/src/chat-service.ts;packages/tools/src/read-gateway.ts;apps/desktop/src/renderer/src/chat-surface.tsx;packages/ui/src/chat-markdown.tsx;migrations/0006_chat.sql,停止后确认正文interrupted保留；后续消息能继续；工具终止收口；本地规定检查通过；live继承P01/R01/R13/R14待验；2026-10-05
FR-07-001,实现,P02-02,implemented_not_live_verified,P02-02.unit;P02-02.integration;P02-02.e2e;T02;T05;T13;T19,docs/evidence/P02-02/implementation-2026-10-05.md;docs/evidence/P02-02/results-2026-10-05.json,aebd898+working-tree;packages/contracts/src/chat.ts;packages/core/src/chat-service.ts;packages/tools/src/read-gateway.ts;apps/desktop/src/renderer/src/chat-surface.tsx;packages/ui/src/chat-markdown.tsx;migrations/0006_chat.sql,50ms/4KiB确认正文逐步展示；实际run/工具状态；本地规定检查通过；live继承P01/R01/R13/R14待验；2026-10-05
FR-07-002,实现,P02-02,implemented_not_live_verified,P02-02.unit;P02-02.integration;P02-02.e2e;T02;T05;T13;T19,docs/evidence/P02-02/implementation-2026-10-05.md;docs/evidence/P02-02/results-2026-10-05.json,aebd898+working-tree;packages/contracts/src/chat.ts;packages/core/src/chat-service.ts;packages/tools/src/read-gateway.ts;apps/desktop/src/renderer/src/chat-surface.tsx;packages/ui/src/chat-markdown.tsx;migrations/0006_chat.sql,安全GFM标题/列表/表格/引用/链接/分隔线；禁HTML；本地规定检查通过；live继承P01/R01/R13/R14待验；2026-10-05
FR-07-003,实现,P02-02,implemented_not_live_verified,P02-02.unit;P02-02.integration;P02-02.e2e;T02;T05;T13;T19,docs/evidence/P02-02/implementation-2026-10-05.md;docs/evidence/P02-02/results-2026-10-05.json,aebd898+working-tree;packages/contracts/src/chat.ts;packages/core/src/chat-service.ts;packages/tools/src/read-gateway.ts;apps/desktop/src/renderer/src/chat-surface.tsx;packages/ui/src/chat-markdown.tsx;migrations/0006_chat.sql,Shiki JavaScript引擎/KaTeX trust=false/静态Mermaid；标签及无权限iframe实测；本地规定检查通过；live继承P01/R01/R13/R14待验；2026-10-05
FR-07-004,部分实现,P02-02,implemented_not_live_verified,P02-02.unit;P02-02.integration;P02-02.e2e;T02;T05;T13;T19,docs/evidence/P02-02/implementation-2026-10-05.md;docs/evidence/P02-02/results-2026-10-05.json,aebd898+working-tree;packages/contracts/src/chat.ts;packages/core/src/chat-service.ts;packages/tools/src/read-gateway.ts;apps/desktop/src/renderer/src/chat-surface.tsx;packages/ui/src/chat-markdown.tsx;migrations/0006_chat.sql,部分范围：静态外部媒体及原件材料卡；播放/交互/生成延期；本地规定检查通过；live继承P01/R01/R13/R14待验；2026-10-05
FR-07-005,实现,P02-02,implemented_not_live_verified,P02-02.unit;P02-02.integration;P02-02.e2e;T02;T05;T13;T19,docs/evidence/P02-02/implementation-2026-10-05.md;docs/evidence/P02-02/results-2026-10-05.json,aebd898+working-tree;packages/contracts/src/chat.ts;packages/core/src/chat-service.ts;packages/tools/src/read-gateway.ts;apps/desktop/src/renderer/src/chat-surface.tsx;packages/ui/src/chat-markdown.tsx;migrations/0006_chat.sql,文件/消息来源预览和版本选区定位；网页来源待P05；本地规定检查通过；live继承P01/R01/R13/R14待验；2026-10-05
FR-07-006,实现,P02-02,implemented_not_live_verified,P02-02.unit;P02-02.integration;P02-02.e2e;T02;T05;T13;T19,docs/evidence/P02-02/implementation-2026-10-05.md;docs/evidence/P02-02/results-2026-10-05.json,aebd898+working-tree;packages/contracts/src/chat.ts;packages/core/src/chat-service.ts;packages/tools/src/read-gateway.ts;apps/desktop/src/renderer/src/chat-surface.tsx;packages/ui/src/chat-markdown.tsx;migrations/0006_chat.sql,正文/只读工具/资料来源折叠；原文仍完整保留；本地规定检查通过；live继承P01/R01/R13/R14待验；2026-10-05
FR-07-007,实现,P02-02,implemented_not_live_verified,P02-02.unit;P02-02.integration;P02-02.e2e;T02;T05;T13;T19,docs/evidence/P02-02/implementation-2026-10-05.md;docs/evidence/P02-02/results-2026-10-05.json,aebd898+working-tree;packages/contracts/src/chat.ts;packages/core/src/chat-service.ts;packages/tools/src/read-gateway.ts;apps/desktop/src/renderer/src/chat-surface.tsx;packages/ui/src/chat-markdown.tsx;migrations/0006_chat.sql,真实run摘要/模型回合/工具计数/耗时/actual或estimated或pending用量；本地规定检查通过；live继承P01/R01/R13/R14待验；2026-10-05
FR-07-008,实现,P02-02,implemented_not_live_verified,P02-02.unit;P02-02.integration;P02-02.e2e;T02;T05;T13;T19,docs/evidence/P02-02/implementation-2026-10-05.md;docs/evidence/P02-02/results-2026-10-05.json,aebd898+working-tree;packages/contracts/src/chat.ts;packages/core/src/chat-service.ts;packages/tools/src/read-gateway.ts;apps/desktop/src/renderer/src/chat-surface.tsx;packages/ui/src/chat-markdown.tsx;migrations/0006_chat.sql,回答绑定真实account/model及时间；后备旧片段独立interrupted；本地规定检查通过；live继承P01/R01/R13/R14待验；2026-10-05
FR-07-009,实现,P02-02,implemented_not_live_verified,P02-02.unit;P02-02.integration;P02-02.e2e;T02;T05;T13;T19,docs/evidence/P02-02/implementation-2026-10-05.md;docs/evidence/P02-02/results-2026-10-05.json,aebd898+working-tree;packages/contracts/src/chat.ts;packages/core/src/chat-service.ts;packages/tools/src/read-gateway.ts;apps/desktop/src/renderer/src/chat-surface.tsx;packages/ui/src/chat-markdown.tsx;migrations/0006_chat.sql,距底部80px内跟随；历史加载不覆盖旧页；110条历史实测；本地规定检查通过；live继承P01/R01/R13/R14待验；2026-10-05
FR-07-010,实现,P02-02,implemented_not_live_verified,P02-02.unit;P02-02.integration;P02-02.e2e;T02;T05;T13;T19,docs/evidence/P02-02/implementation-2026-10-05.md;docs/evidence/P02-02/results-2026-10-05.json,aebd898+working-tree;packages/contracts/src/chat.ts;packages/core/src/chat-service.ts;packages/tools/src/read-gateway.ts;apps/desktop/src/renderer/src/chat-surface.tsx;packages/ui/src/chat-markdown.tsx;migrations/0006_chat.sql,未读提示/回到最新；恢复跟随；本地规定检查通过；live继承P01/R01/R13/R14待验；2026-10-05
FR-07-011,实现,P02-03,implemented_not_live_verified,P02-03.unit;P02-03.integration;P02-03.e2e;T06;T10;T20,docs/evidence/P02-03/implementation-2026-10-05.md;docs/evidence/P02-03/results-2026-10-05.json;docs/evidence/P02-03/git-delivery-2026-10-05.json,commit:69df0048d63af3755ac4da3621b936284bffad4d;schema7;packages/core/src/history-service.ts;apps/desktop/src/renderer/src/history-ui.tsx;apps/desktop/src/renderer/src/message-history.tsx,2026-10-05本地实现与检查完成；44条覆盖见实现证据；真人模型与P00/P01门禁沿用未通过状态；实现69df004已提交推送且远程SHA一致
FR-07-012,实现,P02-03,implemented_not_live_verified,P02-03.unit;P02-03.integration;P02-03.e2e;T06;T10;T20,docs/evidence/P02-03/implementation-2026-10-05.md;docs/evidence/P02-03/results-2026-10-05.json;docs/evidence/P02-03/git-delivery-2026-10-05.json,commit:69df0048d63af3755ac4da3621b936284bffad4d;schema7;packages/core/src/history-service.ts;apps/desktop/src/renderer/src/history-ui.tsx;apps/desktop/src/renderer/src/message-history.tsx,2026-10-05本地实现与检查完成；44条覆盖见实现证据；真人模型与P00/P01门禁沿用未通过状态；实现69df004已提交推送且远程SHA一致
FR-07-013,实现,P02-03,implemented_not_live_verified,P02-03.unit;P02-03.integration;P02-03.e2e;T06;T10;T20,docs/evidence/P02-03/implementation-2026-10-05.md;docs/evidence/P02-03/results-2026-10-05.json;docs/evidence/P02-03/git-delivery-2026-10-05.json,commit:69df0048d63af3755ac4da3621b936284bffad4d;schema7;packages/core/src/history-service.ts;apps/desktop/src/renderer/src/history-ui.tsx;apps/desktop/src/renderer/src/message-history.tsx,2026-10-05本地实现与检查完成；44条覆盖见实现证据；真人模型与P00/P01门禁沿用未通过状态；实现69df004已提交推送且远程SHA一致
FR-07-014,实现,P02-03,implemented_not_live_verified,P02-03.unit;P02-03.integration;P02-03.e2e;T06;T10;T20,docs/evidence/P02-03/implementation-2026-10-05.md;docs/evidence/P02-03/results-2026-10-05.json;docs/evidence/P02-03/git-delivery-2026-10-05.json,commit:69df0048d63af3755ac4da3621b936284bffad4d;schema7;packages/core/src/history-service.ts;apps/desktop/src/renderer/src/history-ui.tsx;apps/desktop/src/renderer/src/message-history.tsx,2026-10-05本地实现与检查完成；44条覆盖见实现证据；真人模型与P00/P01门禁沿用未通过状态；实现69df004已提交推送且远程SHA一致
FR-07-015,实现,P02-03,implemented_not_live_verified,P02-03.unit;P02-03.integration;P02-03.e2e;T06;T10;T20,docs/evidence/P02-03/implementation-2026-10-05.md;docs/evidence/P02-03/results-2026-10-05.json;docs/evidence/P02-03/git-delivery-2026-10-05.json,commit:69df0048d63af3755ac4da3621b936284bffad4d;schema7;packages/core/src/history-service.ts;apps/desktop/src/renderer/src/history-ui.tsx;apps/desktop/src/renderer/src/message-history.tsx,2026-10-05本地实现与检查完成；44条覆盖见实现证据；真人模型与P00/P01门禁沿用未通过状态；实现69df004已提交推送且远程SHA一致
FR-07-016,实现,P02-03,implemented_not_live_verified,P02-03.unit;P02-03.integration;P02-03.e2e;T06;T10;T20,docs/evidence/P02-03/implementation-2026-10-05.md;docs/evidence/P02-03/results-2026-10-05.json;docs/evidence/P02-03/git-delivery-2026-10-05.json,commit:69df0048d63af3755ac4da3621b936284bffad4d;schema7;packages/core/src/history-service.ts;apps/desktop/src/renderer/src/history-ui.tsx;apps/desktop/src/renderer/src/message-history.tsx,2026-10-05本地实现与检查完成；44条覆盖见实现证据；真人模型与P00/P01门禁沿用未通过状态；实现69df004已提交推送且远程SHA一致
FR-07-017,实现,P02-03,implemented_not_live_verified,P02-03.unit;P02-03.integration;P02-03.e2e;T06;T10;T20,docs/evidence/P02-03/implementation-2026-10-05.md;docs/evidence/P02-03/results-2026-10-05.json;docs/evidence/P02-03/git-delivery-2026-10-05.json,commit:69df0048d63af3755ac4da3621b936284bffad4d;schema7;packages/core/src/history-service.ts;apps/desktop/src/renderer/src/history-ui.tsx;apps/desktop/src/renderer/src/message-history.tsx,2026-10-05本地实现与检查完成；44条覆盖见实现证据；真人模型与P00/P01门禁沿用未通过状态；实现69df004已提交推送且远程SHA一致
FR-07-018,实现,P02-03,implemented_not_live_verified,P02-03.unit;P02-03.integration;P02-03.e2e;T06;T10;T20,docs/evidence/P02-03/implementation-2026-10-05.md;docs/evidence/P02-03/results-2026-10-05.json;docs/evidence/P02-03/git-delivery-2026-10-05.json,commit:69df0048d63af3755ac4da3621b936284bffad4d;schema7;packages/core/src/history-service.ts;apps/desktop/src/renderer/src/history-ui.tsx;apps/desktop/src/renderer/src/message-history.tsx,2026-10-05本地实现与检查完成；44条覆盖见实现证据；真人模型与P00/P01门禁沿用未通过状态；实现69df004已提交推送且远程SHA一致
FR-07-019,延期,—,deferred,,,,G语音能力延期
FR-07-020,调整实现,P02-03,implemented_not_live_verified,P02-03.unit;P02-03.integration;P02-03.e2e;T06;T10;T20,docs/evidence/P02-03/implementation-2026-10-05.md;docs/evidence/P02-03/results-2026-10-05.json;docs/evidence/P02-03/git-delivery-2026-10-05.json,commit:69df0048d63af3755ac4da3621b936284bffad4d;schema7;packages/core/src/history-service.ts;apps/desktop/src/renderer/src/history-ui.tsx;apps/desktop/src/renderer/src/message-history.tsx,2026-10-05本地实现与检查完成；44条覆盖见实现证据；真人模型与P00/P01门禁沿用未通过状态；实现69df004已提交推送且远程SHA一致
FR-07-021,实现,P02-03,implemented_not_live_verified,P02-03.unit;P02-03.integration;P02-03.e2e;T06;T10;T20,docs/evidence/P02-03/implementation-2026-10-05.md;docs/evidence/P02-03/results-2026-10-05.json;docs/evidence/P02-03/git-delivery-2026-10-05.json,commit:69df0048d63af3755ac4da3621b936284bffad4d;schema7;packages/core/src/history-service.ts;apps/desktop/src/renderer/src/history-ui.tsx;apps/desktop/src/renderer/src/message-history.tsx,2026-10-05本地实现与检查完成；44条覆盖见实现证据；真人模型与P00/P01门禁沿用未通过状态；实现69df004已提交推送且远程SHA一致
FR-07-022,部分实现,P07-01,not_started,,,,转文档/工作可用；可复用用户模板目录占位
FR-08-001,实现,P02-03,implemented_not_live_verified,P02-03.unit;P02-03.integration;P02-03.e2e;T06;T10;T20,docs/evidence/P02-03/implementation-2026-10-05.md;docs/evidence/P02-03/results-2026-10-05.json;docs/evidence/P02-03/git-delivery-2026-10-05.json,commit:69df0048d63af3755ac4da3621b936284bffad4d;schema7;packages/core/src/history-service.ts;apps/desktop/src/renderer/src/history-ui.tsx;apps/desktop/src/renderer/src/message-history.tsx,2026-10-05本地实现与检查完成；44条覆盖见实现证据；真人模型与P00/P01门禁沿用未通过状态；实现69df004已提交推送且远程SHA一致
FR-08-002,实现,P02-03,implemented_not_live_verified,P02-03.unit;P02-03.integration;P02-03.e2e;T06;T10;T20,docs/evidence/P02-03/implementation-2026-10-05.md;docs/evidence/P02-03/results-2026-10-05.json;docs/evidence/P02-03/git-delivery-2026-10-05.json,commit:69df0048d63af3755ac4da3621b936284bffad4d;schema7;packages/core/src/history-service.ts;apps/desktop/src/renderer/src/history-ui.tsx;apps/desktop/src/renderer/src/message-history.tsx,2026-10-05本地实现与检查完成；44条覆盖见实现证据；真人模型与P00/P01门禁沿用未通过状态；实现69df004已提交推送且远程SHA一致
FR-08-003,实现,P02-03,implemented_not_live_verified,P02-03.unit;P02-03.integration;P02-03.e2e;T06;T10;T20,docs/evidence/P02-03/implementation-2026-10-05.md;docs/evidence/P02-03/results-2026-10-05.json;docs/evidence/P02-03/git-delivery-2026-10-05.json,commit:69df0048d63af3755ac4da3621b936284bffad4d;schema7;packages/core/src/history-service.ts;apps/desktop/src/renderer/src/history-ui.tsx;apps/desktop/src/renderer/src/message-history.tsx,2026-10-05本地实现与检查完成；44条覆盖见实现证据；真人模型与P00/P01门禁沿用未通过状态；实现69df004已提交推送且远程SHA一致
FR-08-004,实现,P02-03,implemented_not_live_verified,P02-03.unit;P02-03.integration;P02-03.e2e;T06;T10;T20,docs/evidence/P02-03/implementation-2026-10-05.md;docs/evidence/P02-03/results-2026-10-05.json;docs/evidence/P02-03/git-delivery-2026-10-05.json,commit:69df0048d63af3755ac4da3621b936284bffad4d;schema7;packages/core/src/history-service.ts;apps/desktop/src/renderer/src/history-ui.tsx;apps/desktop/src/renderer/src/message-history.tsx,2026-10-05本地实现与检查完成；44条覆盖见实现证据；真人模型与P00/P01门禁沿用未通过状态；实现69df004已提交推送且远程SHA一致
FR-08-005,实现,P02-03,implemented_not_live_verified,P02-03.unit;P02-03.integration;P02-03.e2e;T06;T10;T20,docs/evidence/P02-03/implementation-2026-10-05.md;docs/evidence/P02-03/results-2026-10-05.json;docs/evidence/P02-03/git-delivery-2026-10-05.json,commit:69df0048d63af3755ac4da3621b936284bffad4d;schema7;packages/core/src/history-service.ts;apps/desktop/src/renderer/src/history-ui.tsx;apps/desktop/src/renderer/src/message-history.tsx,2026-10-05本地实现与检查完成；44条覆盖见实现证据；真人模型与P00/P01门禁沿用未通过状态；实现69df004已提交推送且远程SHA一致
FR-08-006,实现,P02-03,implemented_not_live_verified,P02-03.unit;P02-03.integration;P02-03.e2e;T06;T10;T20,docs/evidence/P02-03/implementation-2026-10-05.md;docs/evidence/P02-03/results-2026-10-05.json;docs/evidence/P02-03/git-delivery-2026-10-05.json,commit:69df0048d63af3755ac4da3621b936284bffad4d;schema7;packages/core/src/history-service.ts;apps/desktop/src/renderer/src/history-ui.tsx;apps/desktop/src/renderer/src/message-history.tsx,2026-10-05本地实现与检查完成；44条覆盖见实现证据；真人模型与P00/P01门禁沿用未通过状态；实现69df004已提交推送且远程SHA一致
FR-08-007,实现,P02-03,implemented_not_live_verified,P02-03.unit;P02-03.integration;P02-03.e2e;T06;T10;T20,docs/evidence/P02-03/implementation-2026-10-05.md;docs/evidence/P02-03/results-2026-10-05.json;docs/evidence/P02-03/git-delivery-2026-10-05.json,commit:69df0048d63af3755ac4da3621b936284bffad4d;schema7;packages/core/src/history-service.ts;apps/desktop/src/renderer/src/history-ui.tsx;apps/desktop/src/renderer/src/message-history.tsx,2026-10-05本地实现与检查完成；44条覆盖见实现证据；真人模型与P00/P01门禁沿用未通过状态；实现69df004已提交推送且远程SHA一致
FR-08-008,实现,P05-02,not_started,,,,按共享契约与任务详规验收
FR-08-009,实现,P02-03,implemented_not_live_verified,P02-03.unit;P02-03.integration;P02-03.e2e;T06;T10;T20,docs/evidence/P02-03/implementation-2026-10-05.md;docs/evidence/P02-03/results-2026-10-05.json;docs/evidence/P02-03/git-delivery-2026-10-05.json,commit:69df0048d63af3755ac4da3621b936284bffad4d;schema7;packages/core/src/history-service.ts;apps/desktop/src/renderer/src/history-ui.tsx;apps/desktop/src/renderer/src/message-history.tsx,2026-10-05本地实现与检查完成；44条覆盖见实现证据；真人模型与P00/P01门禁沿用未通过状态；实现69df004已提交推送且远程SHA一致
FR-08-010,实现,P02-03,implemented_not_live_verified,P02-03.unit;P02-03.integration;P02-03.e2e;T06;T10;T20,docs/evidence/P02-03/implementation-2026-10-05.md;docs/evidence/P02-03/results-2026-10-05.json;docs/evidence/P02-03/git-delivery-2026-10-05.json,commit:69df0048d63af3755ac4da3621b936284bffad4d;schema7;packages/core/src/history-service.ts;apps/desktop/src/renderer/src/history-ui.tsx;apps/desktop/src/renderer/src/message-history.tsx,2026-10-05本地实现与检查完成；44条覆盖见实现证据；真人模型与P00/P01门禁沿用未通过状态；实现69df004已提交推送且远程SHA一致
FR-08-011,实现,P04-02,not_started,,,,按共享契约与任务详规验收
FR-08-012,实现,P04-02,not_started,,,,按共享契约与任务详规验收
FR-08-013,实现,P02-03,implemented_not_live_verified,P02-03.unit;P02-03.integration;P02-03.e2e;T06;T10;T20,docs/evidence/P02-03/implementation-2026-10-05.md;docs/evidence/P02-03/results-2026-10-05.json;docs/evidence/P02-03/git-delivery-2026-10-05.json,commit:69df0048d63af3755ac4da3621b936284bffad4d;schema7;packages/core/src/history-service.ts;apps/desktop/src/renderer/src/history-ui.tsx;apps/desktop/src/renderer/src/message-history.tsx;packages/core/src/temporary-service.ts;packages/storage/src/memory.ts,2026-10-05本地实现与检查完成；44条覆盖见实现证据；真人模型与P00/P01门禁沿用未通过状态；实现69df004已提交推送且远程SHA一致
FR-08-014,实现,P02-03,implemented_not_live_verified,P02-03.unit;P02-03.integration;P02-03.e2e;T06;T10;T20,docs/evidence/P02-03/implementation-2026-10-05.md;docs/evidence/P02-03/results-2026-10-05.json;docs/evidence/P02-03/git-delivery-2026-10-05.json,commit:69df0048d63af3755ac4da3621b936284bffad4d;schema7;packages/core/src/history-service.ts;apps/desktop/src/renderer/src/history-ui.tsx;apps/desktop/src/renderer/src/message-history.tsx,2026-10-05本地实现与检查完成；44条覆盖见实现证据；真人模型与P00/P01门禁沿用未通过状态；实现69df004已提交推送且远程SHA一致
FR-09-001,实现,P01-03,implemented_not_live_verified,P01-03 unit12/integration12/e2e2;T03/T04;P01-02 API bounded live and overloaded routing fixtures,docs/evidence/P01-03/results.json;docs/evidence/P01-02/zhipu-fix/P01-review-2026-10-04.md;docs/evidence/P01-02/zhipu-fix/api-live-acceptance-2026-10-04.md;docs/evidence/P01-02/zhipu-fix/api-live-results.json;docs/evidence/P01-02/zhipu-fix/api-live-truncation-2026-10-04.md;docs/evidence/P01-02/zhipu-fix/api-live-diagnostic-results.json;docs/evidence/P01-02/zhipu-fix/responses-none-confirmed-2026-10-04.md;docs/evidence/P01-02/zhipu-fix/responses-none-observed-2026-10-04.json;docs/evidence/P01-02/zhipu-fix/handoff-2026-10-04.md;docs/evidence/P01-02/P01-review-2026-10-05.md,715d55a+working-tree;sourceSha256,按共享契约与任务详规验收；本地工程完成;R01完整live及R02-R05/R13/R14待验收;价格/供应商余额未知;不启用P00失败执行能力;按用户要求同次本地提交;未push；P01最新复核：R01/R13/R14已配置基础probe通过但完整live待补；R02-R05待资源；API工程尾项未完成故阶段failed；API完整live入口已补及overloaded可重试分类修复；完整真人/原账本与系统代理仍待验收；P01阶段仍failed；首次完整Responses文本失败128全思考；单请求参数审计待用户反馈；不加预算或自动重试；none真实发送已确认仍全思考截断；停止重复该Responses组合并准备未发送的官方材料；Chat完整live待补；2026-10-04 20:30用户要求后续测试移交其他开发者且不在其本机继续；Chat完整live撤回未运行；交接已更新；本次仅文档无测试/调用；恢复开发及交接改动未提交推送；P01-gate failed，旧步骤仅历史；2026-10-04 20:35用户授权将最新实现/测试/进度/交接提交推送origin同名分支；此前未提交为历史；验收状态不提升且不续本机测试；2026-10-05远程分支复核aebd898：本地已实现；真实usage与原账本待验；价格entries为空且金额限额禁用；本次仅静态复核
FR-09-002,实现,P01-03,implemented_not_live_verified,P01-03 unit12/integration12/e2e2;T03/T04,docs/evidence/P01-03/results.json;docs/evidence/P01-02/zhipu-fix/P01-review-2026-10-04.md;docs/evidence/P01-02/zhipu-fix/handoff-2026-10-04.md;docs/evidence/P01-02/P01-review-2026-10-05.md,715d55a+working-tree;sourceSha256,按共享契约与任务详规验收；本地工程完成;R01完整live及R02-R05/R13/R14待验收;价格/供应商余额未知;不启用P00失败执行能力;按用户要求同次本地提交;未push；P01最新复核：R01/R13/R14已配置基础probe通过但完整live待补；R02-R05待资源；API工程尾项未完成故阶段failed；2026-10-04 20:30用户要求后续测试移交其他开发者且不在其本机继续；Chat完整live撤回未运行；交接已更新；本次仅文档无测试/调用；恢复开发及交接改动未提交推送；P01-gate failed，旧步骤仅历史；2026-10-04 20:35用户授权将最新实现/测试/进度/交接提交推送origin同名分支；此前未提交为历史；验收状态不提升且不续本机测试；2026-10-05远程分支复核aebd898：本地已实现；真实usage与原账本待验；价格entries为空且金额限额禁用；本次仅静态复核
FR-09-003,实现,P01-03,implemented_not_live_verified,P01-03 unit12/integration12/e2e2;T03/T04,docs/evidence/P01-03/results.json;docs/evidence/P01-02/zhipu-fix/P01-review-2026-10-04.md;docs/evidence/P01-02/zhipu-fix/handoff-2026-10-04.md;docs/evidence/P01-02/P01-review-2026-10-05.md,715d55a+working-tree;sourceSha256,按共享契约与任务详规验收；本地工程完成;R01完整live及R02-R05/R13/R14待验收;价格/供应商余额未知;不启用P00失败执行能力;按用户要求同次本地提交;未push；P01最新复核：R01/R13/R14已配置基础probe通过但完整live待补；R02-R05待资源；API工程尾项未完成故阶段failed；2026-10-04 20:30用户要求后续测试移交其他开发者且不在其本机继续；Chat完整live撤回未运行；交接已更新；本次仅文档无测试/调用；恢复开发及交接改动未提交推送；P01-gate failed，旧步骤仅历史；2026-10-04 20:35用户授权将最新实现/测试/进度/交接提交推送origin同名分支；此前未提交为历史；验收状态不提升且不续本机测试；2026-10-05远程分支复核aebd898：本地已实现；真实usage与原账本待验；价格entries为空且金额限额禁用；本次仅静态复核
FR-09-004,实现,P01-03,implemented_not_live_verified,P01-03 unit12/integration12/e2e2;T03/T04,docs/evidence/P01-03/results.json;docs/evidence/P01-02/zhipu-fix/P01-review-2026-10-04.md;docs/evidence/P01-02/zhipu-fix/handoff-2026-10-04.md;docs/evidence/P01-02/P01-review-2026-10-05.md,715d55a+working-tree;sourceSha256,按共享契约与任务详规验收；本地工程完成;R01完整live及R02-R05/R13/R14待验收;价格/供应商余额未知;不启用P00失败执行能力;按用户要求同次本地提交;未push；P01最新复核：R01/R13/R14已配置基础probe通过但完整live待补；R02-R05待资源；API工程尾项未完成故阶段failed；2026-10-04 20:30用户要求后续测试移交其他开发者且不在其本机继续；Chat完整live撤回未运行；交接已更新；本次仅文档无测试/调用；恢复开发及交接改动未提交推送；P01-gate failed，旧步骤仅历史；2026-10-04 20:35用户授权将最新实现/测试/进度/交接提交推送origin同名分支；此前未提交为历史；验收状态不提升且不续本机测试；2026-10-05远程分支复核aebd898：本地已实现；真实usage与原账本待验；价格entries为空且金额限额禁用；本次仅静态复核
FR-09-005,部分实现,P02-01,implemented_not_live_verified,P02-01.unit;P02-01.integration;P02-01.e2e;T01;T22,docs/evidence/P02-01/implementation-2026-10-05.md;docs/evidence/P02-01/results-2026-10-05.json;docs/evidence/P02-01/review-2026-10-05.md;docs/evidence/P02-01/review-results-2026-10-05.json,c9cd482+working-tree;apps/desktop/src/renderer/src/desktop-shell.tsx;apps/desktop/src/renderer/src/desktop-settings.tsx;packages/contracts/src/desktop.ts;packages/core/src/service.ts;P02-review:aebd898,聊天/工作可选；研究/创作规划中；推理复用P01；本任务本地已验证；真实模型验收继承P01；2026-10-05；2026-10-05复核：源码与记录一致；本轮定向unit10/10及integration4/4退出0；未重跑E2E或live；状态保持
FR-09-006,实现,P01-03,implemented_not_live_verified,P01-03 unit12/integration12/e2e2;T03/T04,docs/evidence/P01-03/results.json;docs/evidence/P01-02/zhipu-fix/P01-review-2026-10-04.md;docs/evidence/P01-02/zhipu-fix/handoff-2026-10-04.md;docs/evidence/P01-02/P01-review-2026-10-05.md,715d55a+working-tree;sourceSha256,按共享契约与任务详规验收；本地工程完成;R01完整live及R02-R05/R13/R14待验收;价格/供应商余额未知;不启用P00失败执行能力;按用户要求同次本地提交;未push；P01最新复核：R01/R13/R14已配置基础probe通过但完整live待补；R02-R05待资源；API工程尾项未完成故阶段failed；2026-10-04 20:30用户要求后续测试移交其他开发者且不在其本机继续；Chat完整live撤回未运行；交接已更新；本次仅文档无测试/调用；恢复开发及交接改动未提交推送；P01-gate failed，旧步骤仅历史；2026-10-04 20:35用户授权将最新实现/测试/进度/交接提交推送origin同名分支；此前未提交为历史；验收状态不提升且不续本机测试；2026-10-05远程分支复核aebd898：本地已实现；真实usage与原账本待验；价格entries为空且金额限额禁用；本次仅静态复核
FR-09-007,实现,P01-03,implemented_not_live_verified,P01-03 unit12/integration12/e2e2;T03/T04,docs/evidence/P01-03/results.json;docs/evidence/P01-02/zhipu-fix/P01-review-2026-10-04.md;docs/evidence/P01-02/zhipu-fix/handoff-2026-10-04.md;docs/evidence/P01-02/P01-review-2026-10-05.md,715d55a+working-tree;sourceSha256,按共享契约与任务详规验收；本地工程完成;R01完整live及R02-R05/R13/R14待验收;价格/供应商余额未知;不启用P00失败执行能力;按用户要求同次本地提交;未push；P01最新复核：R01/R13/R14已配置基础probe通过但完整live待补；R02-R05待资源；API工程尾项未完成故阶段failed；2026-10-04 20:30用户要求后续测试移交其他开发者且不在其本机继续；Chat完整live撤回未运行；交接已更新；本次仅文档无测试/调用；恢复开发及交接改动未提交推送；P01-gate failed，旧步骤仅历史；2026-10-04 20:35用户授权将最新实现/测试/进度/交接提交推送origin同名分支；此前未提交为历史；验收状态不提升且不续本机测试；2026-10-05远程分支复核aebd898：本地已实现；真实usage与原账本待验；价格entries为空且金额限额禁用；本次仅静态复核
FR-09-008,实现,P01-03,implemented_not_live_verified,P01-03 unit12/integration12/e2e2;T03/T04,docs/evidence/P01-03/results.json;docs/evidence/P01-02/zhipu-fix/P01-review-2026-10-04.md;docs/evidence/P01-02/zhipu-fix/handoff-2026-10-04.md;docs/evidence/P01-02/P01-review-2026-10-05.md,715d55a+working-tree;sourceSha256,按共享契约与任务详规验收；本地工程完成;R01完整live及R02-R05/R13/R14待验收;价格/供应商余额未知;不启用P00失败执行能力;按用户要求同次本地提交;未push；P01最新复核：R01/R13/R14已配置基础probe通过但完整live待补；R02-R05待资源；API工程尾项未完成故阶段failed；2026-10-04 20:30用户要求后续测试移交其他开发者且不在其本机继续；Chat完整live撤回未运行；交接已更新；本次仅文档无测试/调用；恢复开发及交接改动未提交推送；P01-gate failed，旧步骤仅历史；2026-10-04 20:35用户授权将最新实现/测试/进度/交接提交推送origin同名分支；此前未提交为历史；验收状态不提升且不续本机测试；2026-10-05远程分支复核aebd898：本地已实现；真实usage与原账本待验；价格entries为空且金额限额禁用；本次仅静态复核
FR-09-009,实现,P01-03,implemented_not_live_verified,P01-03 unit12/integration12/e2e2;T03/T04,docs/evidence/P01-03/results.json;docs/evidence/P01-02/zhipu-fix/P01-review-2026-10-04.md;docs/evidence/P01-02/zhipu-fix/handoff-2026-10-04.md;docs/evidence/P01-02/P01-review-2026-10-05.md,715d55a+working-tree;sourceSha256,按共享契约与任务详规验收；本地工程完成;R01完整live及R02-R05/R13/R14待验收;价格/供应商余额未知;不启用P00失败执行能力;按用户要求同次本地提交;未push；P01最新复核：R01/R13/R14已配置基础probe通过但完整live待补；R02-R05待资源；API工程尾项未完成故阶段failed；2026-10-04 20:30用户要求后续测试移交其他开发者且不在其本机继续；Chat完整live撤回未运行；交接已更新；本次仅文档无测试/调用；恢复开发及交接改动未提交推送；P01-gate failed，旧步骤仅历史；2026-10-04 20:35用户授权将最新实现/测试/进度/交接提交推送origin同名分支；此前未提交为历史；验收状态不提升且不续本机测试；2026-10-05远程分支复核aebd898：本地已实现；真实usage与原账本待验；价格entries为空且金额限额禁用；本次仅静态复核
FR-09-010,实现,P01-03,implemented_not_live_verified,P01-03 unit12/integration12/e2e2;T03/T04,docs/evidence/P01-03/results.json;docs/evidence/P01-02/zhipu-fix/P01-review-2026-10-04.md;docs/evidence/P01-02/zhipu-fix/handoff-2026-10-04.md;docs/evidence/P01-02/P01-review-2026-10-05.md,715d55a+working-tree;sourceSha256,按共享契约与任务详规验收；本地工程完成;R01完整live及R02-R05/R13/R14待验收;价格/供应商余额未知;不启用P00失败执行能力;按用户要求同次本地提交;未push；P01最新复核：R01/R13/R14已配置基础probe通过但完整live待补；R02-R05待资源；API工程尾项未完成故阶段failed；2026-10-04 20:30用户要求后续测试移交其他开发者且不在其本机继续；Chat完整live撤回未运行；交接已更新；本次仅文档无测试/调用；恢复开发及交接改动未提交推送；P01-gate failed，旧步骤仅历史；2026-10-04 20:35用户授权将最新实现/测试/进度/交接提交推送origin同名分支；此前未提交为历史；验收状态不提升且不续本机测试；2026-10-05远程分支复核aebd898：本地已实现；真实usage与原账本待验；价格entries为空且金额限额禁用；本次仅静态复核
FR-09-011,实现,P01-03,implemented_not_live_verified,P01-03 unit12/integration12/e2e2;T03/T04,docs/evidence/P01-03/results.json;docs/evidence/P01-02/zhipu-fix/P01-review-2026-10-04.md;docs/evidence/P01-02/zhipu-fix/handoff-2026-10-04.md;docs/evidence/P01-02/P01-review-2026-10-05.md,715d55a+working-tree;sourceSha256,按共享契约与任务详规验收；本地工程完成;R01完整live及R02-R05/R13/R14待验收;价格/供应商余额未知;不启用P00失败执行能力;按用户要求同次本地提交;未push；P01最新复核：R01/R13/R14已配置基础probe通过但完整live待补；R02-R05待资源；API工程尾项未完成故阶段failed；2026-10-04 20:30用户要求后续测试移交其他开发者且不在其本机继续；Chat完整live撤回未运行；交接已更新；本次仅文档无测试/调用；恢复开发及交接改动未提交推送；P01-gate failed，旧步骤仅历史；2026-10-04 20:35用户授权将最新实现/测试/进度/交接提交推送origin同名分支；此前未提交为历史；验收状态不提升且不续本机测试；2026-10-05远程分支复核aebd898：本地已实现；真实usage与原账本待验；价格entries为空且金额限额禁用；本次仅静态复核
FR-10-001,实现,P06-01,not_started,,,,按共享契约与任务详规验收
FR-10-002,实现,P06-01,not_started,,,,按共享契约与任务详规验收
FR-10-003,实现,P06-01,not_started,,,,按共享契约与任务详规验收
FR-10-004,部分实现,P06-01,not_started,,,,使用已实现模型/资料/内置工具；自定义智能体目录占位
FR-10-005,实现,P06-01,not_started,,,,按共享契约与任务详规验收
FR-10-006,实现,P06-01,not_started,,,,按共享契约与任务详规验收
FR-10-007,实现,P06-01,not_started,,,,按共享契约与任务详规验收
FR-10-008,实现,P06-01,not_started,,,,按共享契约与任务详规验收
FR-10-009,实现,P06-01,not_started,,,,按共享契约与任务详规验收
FR-10-010,占位,P10-02,not_started,,,,定时与用户模板暂只占位，不保存可执行计划
FR-10-011,实现,P06-01,not_started,,,,按共享契约与任务详规验收
FR-10-012,实现,P06-01,not_started,,,,按共享契约与任务详规验收
FR-10-013,实现,P06-01,not_started,,,,按共享契约与任务详规验收
FR-10-014,实现,P06-01,not_started,,,,按共享契约与任务详规验收
FR-10-015,实现,P06-01,not_started,,,,按共享契约与任务详规验收
FR-10-016,实现,P06-01,not_started,,,,按共享契约与任务详规验收
FR-10-017,实现,P06-01,not_started,,,,按共享契约与任务详规验收
FR-10-018,实现,P06-01,not_started,,,,按共享契约与任务详规验收
FR-10-019,实现,P06-01,not_started,,,,按共享契约与任务详规验收
FR-10-020,实现,P06-01,not_started,,,,按共享契约与任务详规验收
FR-10-021,实现,P07-01,not_started,,,,按共享契约与任务详规验收
FR-10-022,实现,P07-01,not_started,,,,按共享契约与任务详规验收
FR-10-023,实现,P07-01,not_started,,,,按共享契约与任务详规验收
FR-10-024,实现,P07-01,not_started,,,,按共享契约与任务详规验收
FR-10-025,实现,P07-01,not_started,,,,按共享契约与任务详规验收
FR-10-026,实现,P07-01,not_started,,,,按共享契约与任务详规验收
FR-10-027,占位,P10-02,not_started,,,,定时与用户模板暂只占位，不保存可执行计划
FR-11-001,实现,P06-03,not_started,,,,按共享契约与任务详规验收
FR-11-002,实现,P06-03,not_started,,,,按共享契约与任务详规验收
FR-11-003,实现,P06-03,not_started,,,,按共享契约与任务详规验收
FR-11-004,实现,P06-03,not_started,,,,按共享契约与任务详规验收
FR-11-005,实现,P06-03,not_started,,,,按共享契约与任务详规验收
FR-11-006,实现,P08-03,not_started,,,,按共享契约与任务详规验收
FR-11-007,实现,P08-03,not_started,,,,按共享契约与任务详规验收
FR-11-008,实现,P08-03,not_started,,,,按共享契约与任务详规验收
FR-11-009,实现,P08-03,not_started,,,,按共享契约与任务详规验收
FR-11-010,实现,P06-03,not_started,,,,按共享契约与任务详规验收
FR-11-011,实现,P06-03,not_started,,,,按共享契约与任务详规验收
FR-12-001,实现,P03-03,not_started,,,,按共享契约与任务详规验收
FR-12-002,实现,P03-03,not_started,,,,按共享契约与任务详规验收
FR-12-003,实现,P03-03,not_started,,,,按共享契约与任务详规验收
FR-12-004,实现,P03-03,not_started,,,,按共享契约与任务详规验收
FR-12-005,实现,P03-03,not_started,,,,按共享契约与任务详规验收
FR-12-006,实现,P03-03,not_started,,,,按共享契约与任务详规验收
FR-12-007,实现,P03-03,not_started,,,,按共享契约与任务详规验收
FR-12-008,实现,P03-03,not_started,,,,按共享契约与任务详规验收
FR-12-009,实现,P03-03,not_started,,,,按共享契约与任务详规验收
FR-12-010,部分实现,P03-03,not_started,,,,本地文件/公开URL路径纳入，云应用连接随插件占位延期
FR-12-011,实现,P03-03,not_started,,,,按共享契约与任务详规验收
FR-12-012,实现,P03-03,not_started,,,,按共享契约与任务详规验收
FR-12-013,实现,P03-03,not_started,,,,按共享契约与任务详规验收
FR-12-014,实现,P03-03,not_started,,,,按共享契约与任务详规验收
FR-12-015,实现,P03-03,not_started,,,,按共享契约与任务详规验收
FR-12-016,实现,P03-03,not_started,,,,按共享契约与任务详规验收
FR-12-017,实现,P03-03,not_started,,,,按共享契约与任务详规验收
FR-12-018,实现,P03-03,not_started,,,,按共享契约与任务详规验收
FR-12-019,实现,P03-03,not_started,,,,按共享契约与任务详规验收
FR-13-001,实现,P03-01,in_progress,P03-01.integration;P03-01.Electron;P03-01.audit,docs/evidence/P03-01/dependency-preflight-2026-10-05.json;docs/evidence/P03-01/checkpoint-2026-10-06.json;docs/evidence/P03-01/repository-2026-10-06.json;docs/evidence/P03-01/parser-checkpoint-2026-10-06.json;docs/evidence/P03-01/office-parser-checkpoint-2026-10-06.json;docs/evidence/P03-01/pdf-parser-checkpoint-2026-10-06.json;docs/evidence/P03-01/native-parser-failure-2026-10-06.json;docs/evidence/P03-01/storage-checkpoint-2026-10-06.json;docs/evidence/P03-01/host-import-checkpoint-2026-10-06.json;docs/evidence/P03-01/library-checkpoint-2026-10-06.json;docs/evidence/P03-01/requirements-audit-2026-10-09.md;docs/evidence/P03-01/resume-validation-2026-10-09.json;docs/evidence/P03-01/public-snapshot-preparation-2026-10-09.json,47db847+working-tree:ADR0039/0040,按共享契约与任务详规验收；2026-10-05用户授权P03，前置门禁已核验；业务尚未验收；schema8/契约unit230及相关integration36通过；业务未验收；原生依赖因当前标准用户失败关闭；文件仓库基础里程碑unit230/相关integration45/check=0；Host/实际解析/UI待实现；状态in_progress；受限文本/ZIP handler注册；unit242/integration50/check/build=0；新P03原生/Office/PDF/Host/UI待验；保持in_progress；bcedfd7已push；最新PR Check因INDEX格式失败待修正和复验；只读OOXML及真实native验收代码已实现；unit251/相关integration16/check/build=0；真实native待CI及PDF/image/Host/UI待完成；PDF页/矩形worker及固定资源实现；unit255/integration19/check/build=0；旧OOXML CI集成失败待日志修复；native仍未验收；旧CI仅P03原生3项失败待精确诊断；P00标准22/22及六轮Office通过；仓库清预览/去重占用/备份保留已实现unit255/integration56/check=0；Host/UI未接入；Host token/FileService接口已实现；unit255/相关integration72/新增16/check/build=0；UI未验收；R15账单导致新CI零步骤失败；native诊断未运行；2026-10-06文件库真实Electron4/回归8及integration80/unit255/build通过；批量取消无假成功；native/R15/崩溃恢复/任务使用记录待收口;2026-10-09接续最终审计：Host 导入/便携格式适配已验；真实 AppContainer 正向解析待验；本地unit44/integration148/Electron17通过，R15/native未收口，任务状态不提升;2026-10-09独立公开副本本地准备；新CI未运行；R15 pending；任务状态不提升
FR-13-002,部分实现,P03-01,in_progress,P03-01.integration;P03-01.Electron;P03-01.audit,docs/evidence/P03-01/dependency-preflight-2026-10-05.json;docs/evidence/P03-01/checkpoint-2026-10-06.json;docs/evidence/P03-01/repository-2026-10-06.json;docs/evidence/P03-01/parser-checkpoint-2026-10-06.json;docs/evidence/P03-01/office-parser-checkpoint-2026-10-06.json;docs/evidence/P03-01/pdf-parser-checkpoint-2026-10-06.json;docs/evidence/P03-01/native-parser-failure-2026-10-06.json;docs/evidence/P03-01/storage-checkpoint-2026-10-06.json;docs/evidence/P03-01/library-checkpoint-2026-10-06.json;docs/evidence/P03-01/requirements-audit-2026-10-09.md;docs/evidence/P03-01/resume-validation-2026-10-09.json;docs/evidence/P03-01/public-snapshot-preparation-2026-10-09.json,47db847+working-tree:ADR0039/0040,可保存原件/压缩包；媒体理解与处理延期；2026-10-05用户授权P03，前置门禁已核验；业务尚未验收；schema8/契约unit230及相关integration36通过；业务未验收；原生依赖因当前标准用户失败关闭；文件仓库基础里程碑unit230/相关integration45/check=0；Host/实际解析/UI待实现；状态in_progress；受限文本/ZIP handler注册；unit242/integration50/check/build=0；新P03原生/Office/PDF/Host/UI待验；保持in_progress；bcedfd7已push；最新PR Check因INDEX格式失败待修正和复验；只读OOXML及真实native验收代码已实现；unit251/相关integration16/check/build=0；真实native待CI及PDF/image/Host/UI待完成；PDF页/矩形worker及固定资源实现；unit255/integration19/check/build=0；旧OOXML CI集成失败待日志修复；native仍未验收；旧CI仅P03原生3项失败待精确诊断；P00标准22/22及六轮Office通过；仓库清预览/去重占用/备份保留已实现unit255/integration56/check=0；Host/UI未接入；2026-10-06文件库真实Electron4/回归8及integration80/unit255/build通过；批量取消无假成功；native/R15/崩溃恢复/任务使用记录待收口;2026-10-09接续最终审计：媒体原件仅保留/实际下载已验；ZIP 原生待验，媒体理解延期；本地unit44/integration148/Electron17通过，R15/native未收口，任务状态不提升;2026-10-09独立公开副本本地准备；新CI未运行；R15 pending；任务状态不提升
FR-13-003,实现,P03-01,in_progress,P03-01.integration;P03-01.Electron;P03-01.audit,docs/evidence/P03-01/dependency-preflight-2026-10-05.json;docs/evidence/P03-01/checkpoint-2026-10-06.json;docs/evidence/P03-01/repository-2026-10-06.json;docs/evidence/P03-01/parser-checkpoint-2026-10-06.json;docs/evidence/P03-01/office-parser-checkpoint-2026-10-06.json;docs/evidence/P03-01/pdf-parser-checkpoint-2026-10-06.json;docs/evidence/P03-01/native-parser-failure-2026-10-06.json;docs/evidence/P03-01/storage-checkpoint-2026-10-06.json;docs/evidence/P03-01/host-import-checkpoint-2026-10-06.json;docs/evidence/P03-01/library-checkpoint-2026-10-06.json;docs/evidence/P03-01/import-recovery-checkpoint-2026-10-06.json;docs/evidence/P03-01/scoped-folder-checkpoint-2026-10-09.json;docs/evidence/P03-01/requirements-audit-2026-10-09.md;docs/evidence/P03-01/resume-validation-2026-10-09.json;docs/evidence/P03-01/public-snapshot-preparation-2026-10-09.json,47db847+working-tree:ADR0039/0040,按共享契约与任务详规验收；2026-10-05用户授权P03，前置门禁已核验；业务尚未验收；schema8/契约unit230及相关integration36通过；业务未验收；原生依赖因当前标准用户失败关闭；文件仓库基础里程碑unit230/相关integration45/check=0；Host/实际解析/UI待实现；状态in_progress；受限文本/ZIP handler注册；unit242/integration50/check/build=0；新P03原生/Office/PDF/Host/UI待验；保持in_progress；bcedfd7已push；最新PR Check因INDEX格式失败待修正和复验；只读OOXML及真实native验收代码已实现；unit251/相关integration16/check/build=0；真实native待CI及PDF/image/Host/UI待完成；PDF页/矩形worker及固定资源实现；unit255/integration19/check/build=0；旧OOXML CI集成失败待日志修复；native仍未验收；旧CI仅P03原生3项失败待精确诊断；P00标准22/22及六轮Office通过；仓库清预览/去重占用/备份保留已实现unit255/integration56/check=0；Host/UI未接入；Host token/FileService接口已实现；unit255/相关integration72/新增16/check/build=0；UI未验收；R15账单导致新CI零步骤失败；native诊断未运行；2026-10-06文件库真实Electron4/回归8及integration80/unit255/build通过；批量取消无假成功；native/R15/崩溃恢复/任务使用记录待收口；2026-10-06实际导入进程终止后恢复/幂等/重新选择及Electron提示隐藏跨重启通过；native与parser暂存仍待收口；2026-10-09跨范围目录投影修复integration82/完整P03 Electron13及最终单项1/1通过；P03交接已记录，原生及最终需求审计待收口，状态不提升;2026-10-09接续最终审计：中文目录、跨范围目录投影及真实拖入链路已验；本地unit44/integration148/Electron17通过，R15/native未收口，任务状态不提升;2026-10-09独立公开副本本地准备；新CI未运行；R15 pending；任务状态不提升
FR-13-004,部分实现,P03-03,not_started,,,,本地文件/公开URL路径纳入，云应用连接随插件占位延期
FR-13-005,实现,P03-01,in_progress,P03-01.integration;P03-01.Electron;P03-01.audit,docs/evidence/P03-01/dependency-preflight-2026-10-05.json;docs/evidence/P03-01/checkpoint-2026-10-06.json;docs/evidence/P03-01/repository-2026-10-06.json;docs/evidence/P03-01/parser-checkpoint-2026-10-06.json;docs/evidence/P03-01/office-parser-checkpoint-2026-10-06.json;docs/evidence/P03-01/pdf-parser-checkpoint-2026-10-06.json;docs/evidence/P03-01/native-parser-failure-2026-10-06.json;docs/evidence/P03-01/storage-checkpoint-2026-10-06.json;docs/evidence/P03-01/library-checkpoint-2026-10-06.json;docs/evidence/P03-01/requirements-audit-2026-10-09.md;docs/evidence/P03-01/resume-validation-2026-10-09.json;docs/evidence/P03-01/public-snapshot-preparation-2026-10-09.json,47db847+working-tree:ADR0039/0040,按共享契约与任务详规验收；2026-10-05用户授权P03，前置门禁已核验；业务尚未验收；schema8/契约unit230及相关integration36通过；业务未验收；原生依赖因当前标准用户失败关闭；文件仓库基础里程碑unit230/相关integration45/check=0；Host/实际解析/UI待实现；状态in_progress；受限文本/ZIP handler注册；unit242/integration50/check/build=0；新P03原生/Office/PDF/Host/UI待验；保持in_progress；bcedfd7已push；最新PR Check因INDEX格式失败待修正和复验；只读OOXML及真实native验收代码已实现；unit251/相关integration16/check/build=0；真实native待CI及PDF/image/Host/UI待完成；PDF页/矩形worker及固定资源实现；unit255/integration19/check/build=0；旧OOXML CI集成失败待日志修复；native仍未验收；旧CI仅P03原生3项失败待精确诊断；P00标准22/22及六轮Office通过；仓库清预览/去重占用/备份保留已实现unit255/integration56/check=0；Host/UI未接入；2026-10-06文件库真实Electron4/回归8及integration80/unit255/build通过；批量取消无假成功；native/R15/崩溃恢复/任务使用记录待收口;2026-10-09接续最终审计：锁定格式/大小/数量/可用空间及超限拒绝已验；本地unit44/integration148/Electron17通过，R15/native未收口，任务状态不提升;2026-10-09独立公开副本本地准备；新CI未运行；R15 pending；任务状态不提升
FR-13-006,实现,P03-01,in_progress,P03-01.integration;P03-01.Electron;P03-01.audit,docs/evidence/P03-01/dependency-preflight-2026-10-05.json;docs/evidence/P03-01/checkpoint-2026-10-06.json;docs/evidence/P03-01/repository-2026-10-06.json;docs/evidence/P03-01/parser-checkpoint-2026-10-06.json;docs/evidence/P03-01/office-parser-checkpoint-2026-10-06.json;docs/evidence/P03-01/pdf-parser-checkpoint-2026-10-06.json;docs/evidence/P03-01/native-parser-failure-2026-10-06.json;docs/evidence/P03-01/storage-checkpoint-2026-10-06.json;docs/evidence/P03-01/host-import-checkpoint-2026-10-06.json;docs/evidence/P03-01/library-checkpoint-2026-10-06.json;docs/evidence/P03-01/import-recovery-checkpoint-2026-10-06.json;docs/evidence/P03-01/staging-checkpoint-2026-10-09.json;docs/evidence/P03-01/chat-host-checkpoint-2026-10-09.json;docs/evidence/P03-01/chat-host-delivery-2026-10-09.json;docs/evidence/P03-01/scoped-library-checkpoint-2026-10-09.json;docs/evidence/P03-01/requirements-audit-2026-10-09.md;docs/evidence/P03-01/resume-validation-2026-10-09.json;docs/evidence/P03-01/public-snapshot-preparation-2026-10-09.json,47db847+working-tree:ADR0039/0040,按共享契约与任务详规验收；2026-10-05用户授权P03，前置门禁已核验；业务尚未验收；schema8/契约unit230及相关integration36通过；业务未验收；原生依赖因当前标准用户失败关闭；文件仓库基础里程碑unit230/相关integration45/check=0；Host/实际解析/UI待实现；状态in_progress；受限文本/ZIP handler注册；unit242/integration50/check/build=0；新P03原生/Office/PDF/Host/UI待验；保持in_progress；bcedfd7已push；最新PR Check因INDEX格式失败待修正和复验；只读OOXML及真实native验收代码已实现；unit251/相关integration16/check/build=0；真实native待CI及PDF/image/Host/UI待完成；PDF页/矩形worker及固定资源实现；unit255/integration19/check/build=0；旧OOXML CI集成失败待日志修复；native仍未验收；旧CI仅P03原生3项失败待精确诊断；P00标准22/22及六轮Office通过；仓库清预览/去重占用/备份保留已实现unit255/integration56/check=0；Host/UI未接入；Host token/FileService接口已实现；unit255/相关integration72/新增16/check/build=0；UI未验收；R15账单导致新CI零步骤失败；native诊断未运行；2026-10-06文件库真实Electron4/回归8及integration80/unit255/build通过；批量取消无假成功；native/R15/崩溃恢复/任务使用记录待收口；2026-10-06实际导入进程终止后恢复/幂等/重新选择及Electron提示隐藏跨重启通过；native与parser暂存仍待收口；2026-10-09租约暂存后台恢复/原件保留/关闭维护及integration41/Electron13/build通过；native与任务剩余仍待收口；2026-10-09物理聊天Host导入/虚拟粘贴兼容及固定项目下载撤权链路已验证；unit13/integration56/最终Electron14+单项复验1通过；R15/native与导航故障审计待收口，状态不提升；99afbad已push/SHA一致，当前CI仍R15零步骤失败，新native诊断未运行；2026-10-09导航生命周期/固定范围版本修复：unit15/integration81/P03 Electron12通过；跨范围目录/需求审计/native待收口，状态不提升;2026-10-09接续最终审计：按项导入取消/重选、按版本取消/重试和 fencing 已验；真正 native kill/取消待验；本地unit44/integration148/Electron17通过，R15/native未收口，任务状态不提升;2026-10-09独立公开副本本地准备；新CI未运行；R15 pending；任务状态不提升
FR-13-007,实现,P03-01,in_progress,P03-01.integration;P03-01.Electron;P03-01.audit,docs/evidence/P03-01/dependency-preflight-2026-10-05.json;docs/evidence/P03-01/checkpoint-2026-10-06.json;docs/evidence/P03-01/repository-2026-10-06.json;docs/evidence/P03-01/parser-checkpoint-2026-10-06.json;docs/evidence/P03-01/office-parser-checkpoint-2026-10-06.json;docs/evidence/P03-01/pdf-parser-checkpoint-2026-10-06.json;docs/evidence/P03-01/native-parser-failure-2026-10-06.json;docs/evidence/P03-01/storage-checkpoint-2026-10-06.json;docs/evidence/P03-01/host-import-checkpoint-2026-10-06.json;docs/evidence/P03-01/library-checkpoint-2026-10-06.json;docs/evidence/P03-01/import-recovery-checkpoint-2026-10-06.json;docs/evidence/P03-01/staging-checkpoint-2026-10-09.json;docs/evidence/P03-01/chat-host-checkpoint-2026-10-09.json;docs/evidence/P03-01/chat-host-delivery-2026-10-09.json;docs/evidence/P03-01/scoped-library-checkpoint-2026-10-09.json;docs/evidence/P03-01/requirements-audit-2026-10-09.md;docs/evidence/P03-01/resume-validation-2026-10-09.json;docs/evidence/P03-01/public-snapshot-preparation-2026-10-09.json,47db847+working-tree:ADR0039/0040,按共享契约与任务详规验收；2026-10-05用户授权P03，前置门禁已核验；业务尚未验收；schema8/契约unit230及相关integration36通过；业务未验收；原生依赖因当前标准用户失败关闭；文件仓库基础里程碑unit230/相关integration45/check=0；Host/实际解析/UI待实现；状态in_progress；受限文本/ZIP handler注册；unit242/integration50/check/build=0；新P03原生/Office/PDF/Host/UI待验；保持in_progress；bcedfd7已push；最新PR Check因INDEX格式失败待修正和复验；只读OOXML及真实native验收代码已实现；unit251/相关integration16/check/build=0；真实native待CI及PDF/image/Host/UI待完成；PDF页/矩形worker及固定资源实现；unit255/integration19/check/build=0；旧OOXML CI集成失败待日志修复；native仍未验收；旧CI仅P03原生3项失败待精确诊断；P00标准22/22及六轮Office通过；仓库清预览/去重占用/备份保留已实现unit255/integration56/check=0；Host/UI未接入；Host token/FileService接口已实现；unit255/相关integration72/新增16/check/build=0；UI未验收；R15账单导致新CI零步骤失败；native诊断未运行；2026-10-06文件库真实Electron4/回归8及integration80/unit255/build通过；批量取消无假成功；native/R15/崩溃恢复/任务使用记录待收口；2026-10-06实际导入进程终止后恢复/幂等/重新选择及Electron提示隐藏跨重启通过；native与parser暂存仍待收口；2026-10-09租约暂存后台恢复/原件保留/关闭维护及integration41/Electron13/build通过；native与任务剩余仍待收口；2026-10-09物理聊天Host导入/虚拟粘贴兼容及固定项目下载撤权链路已验证；unit13/integration56/最终Electron14+单项复验1通过；R15/native与导航故障审计待收口，状态不提升；99afbad已push/SHA一致，当前CI仍R15零步骤失败，新native诊断未运行；2026-10-09导航生命周期/固定范围版本修复：unit15/integration81/P03 Electron12通过；跨范围目录/需求审计/native待收口，状态不提升;2026-10-09接续最终审计：原件与正文状态分离，媒体和 OCR 不标正文 ready；native 正向链待验；本地unit44/integration148/Electron17通过，R15/native未收口，任务状态不提升;2026-10-09独立公开副本本地准备；新CI未运行；R15 pending；任务状态不提升
FR-13-008,实现,P03-01,in_progress,P03-01.integration;P03-01.Electron;P03-01.audit,docs/evidence/P03-01/dependency-preflight-2026-10-05.json;docs/evidence/P03-01/checkpoint-2026-10-06.json;docs/evidence/P03-01/repository-2026-10-06.json;docs/evidence/P03-01/parser-checkpoint-2026-10-06.json;docs/evidence/P03-01/office-parser-checkpoint-2026-10-06.json;docs/evidence/P03-01/pdf-parser-checkpoint-2026-10-06.json;docs/evidence/P03-01/native-parser-failure-2026-10-06.json;docs/evidence/P03-01/storage-checkpoint-2026-10-06.json;docs/evidence/P03-01/host-import-checkpoint-2026-10-06.json;docs/evidence/P03-01/library-checkpoint-2026-10-06.json;docs/evidence/P03-01/version-ui-checkpoint-2026-10-09.json;docs/evidence/P03-01/requirements-audit-2026-10-09.md;docs/evidence/P03-01/resume-validation-2026-10-09.json;docs/evidence/P03-01/public-snapshot-preparation-2026-10-09.json,47db847+working-tree:ADR0039/0040,按共享契约与任务详规验收；2026-10-05用户授权P03，前置门禁已核验；业务尚未验收；schema8/契约unit230及相关integration36通过；业务未验收；原生依赖因当前标准用户失败关闭；文件仓库基础里程碑unit230/相关integration45/check=0；Host/实际解析/UI待实现；状态in_progress；受限文本/ZIP handler注册；unit242/integration50/check/build=0；新P03原生/Office/PDF/Host/UI待验；保持in_progress；bcedfd7已push；最新PR Check因INDEX格式失败待修正和复验；只读OOXML及真实native验收代码已实现；unit251/相关integration16/check/build=0；真实native待CI及PDF/image/Host/UI待完成；PDF页/矩形worker及固定资源实现；unit255/integration19/check/build=0；旧OOXML CI集成失败待日志修复；native仍未验收；旧CI仅P03原生3项失败待精确诊断；P00标准22/22及六轮Office通过；仓库清预览/去重占用/备份保留已实现unit255/integration56/check=0；Host/UI未接入；Host token/FileService接口已实现；unit255/相关integration72/新增16/check/build=0；UI未验收；R15账单导致新CI零步骤失败；native诊断未运行；2026-10-06文件库真实Electron4/回归8及integration80/unit255/build通过；批量取消无假成功；native/R15/崩溃恢复/任务使用记录待收口；2026-10-09版本/替换/独立副本/固定项目引用移除与历史下载真实Electron7通过，源内容不变；保持in_progress;2026-10-09接续最终审计：同名同 hash/大小写 skip、明确替换、恢复与独立副本已验；本地unit44/integration148/Electron17通过，R15/native未收口，任务状态不提升;2026-10-09独立公开副本本地准备；新CI未运行；R15 pending；任务状态不提升
FR-13-009,实现,P03-01,in_progress,P03-01.integration;P03-01.Electron;P03-01.audit,docs/evidence/P03-01/dependency-preflight-2026-10-05.json;docs/evidence/P03-01/checkpoint-2026-10-06.json;docs/evidence/P03-01/repository-2026-10-06.json;docs/evidence/P03-01/parser-checkpoint-2026-10-06.json;docs/evidence/P03-01/office-parser-checkpoint-2026-10-06.json;docs/evidence/P03-01/pdf-parser-checkpoint-2026-10-06.json;docs/evidence/P03-01/native-parser-failure-2026-10-06.json;docs/evidence/P03-01/storage-checkpoint-2026-10-06.json;docs/evidence/P03-01/library-checkpoint-2026-10-06.json;docs/evidence/P03-01/staging-checkpoint-2026-10-09.json;docs/evidence/P03-01/requirements-audit-2026-10-09.md;docs/evidence/P03-01/resume-validation-2026-10-09.json;docs/evidence/P03-01/public-snapshot-preparation-2026-10-09.json,47db847+working-tree:ADR0039/0040,按共享契约与任务详规验收；2026-10-05用户授权P03，前置门禁已核验；业务尚未验收；schema8/契约unit230及相关integration36通过；业务未验收；原生依赖因当前标准用户失败关闭；文件仓库基础里程碑unit230/相关integration45/check=0；Host/实际解析/UI待实现；状态in_progress；受限文本/ZIP handler注册；unit242/integration50/check/build=0；新P03原生/Office/PDF/Host/UI待验；保持in_progress；bcedfd7已push；最新PR Check因INDEX格式失败待修正和复验；只读OOXML及真实native验收代码已实现；unit251/相关integration16/check/build=0；真实native待CI及PDF/image/Host/UI待完成；PDF页/矩形worker及固定资源实现；unit255/integration19/check/build=0；旧OOXML CI集成失败待日志修复；native仍未验收；旧CI仅P03原生3项失败待精确诊断；P00标准22/22及六轮Office通过；仓库清预览/去重占用/备份保留已实现unit255/integration56/check=0；Host/UI未接入；2026-10-06文件库真实Electron4/回归8及integration80/unit255/build通过；批量取消无假成功；native/R15/崩溃恢复/任务使用记录待收口；2026-10-09租约暂存后台恢复/原件保留/关闭维护及integration41/Electron13/build通过；native与任务剩余仍待收口;2026-10-09接续最终审计：损坏/加密/空/恶意/格式/OCR 具体原因和处理入口已验；native 拒绝链待验；本地unit44/integration148/Electron17通过，R15/native未收口，任务状态不提升;2026-10-09独立公开副本本地准备；新CI未运行；R15 pending；任务状态不提升
FR-13-010,延期,—,deferred,,,,OCR按图像能力延期，明确无文本而非解析成功
FR-13-011,实现,P03-01,in_progress,P03-01.integration;P03-01.Electron;P03-01.audit,docs/evidence/P03-01/dependency-preflight-2026-10-05.json;docs/evidence/P03-01/checkpoint-2026-10-06.json;docs/evidence/P03-01/repository-2026-10-06.json;docs/evidence/P03-01/parser-checkpoint-2026-10-06.json;docs/evidence/P03-01/office-parser-checkpoint-2026-10-06.json;docs/evidence/P03-01/pdf-parser-checkpoint-2026-10-06.json;docs/evidence/P03-01/native-parser-failure-2026-10-06.json;docs/evidence/P03-01/storage-checkpoint-2026-10-06.json;docs/evidence/P03-01/host-import-checkpoint-2026-10-06.json;docs/evidence/P03-01/library-checkpoint-2026-10-06.json;docs/evidence/P03-01/import-recovery-checkpoint-2026-10-06.json;docs/evidence/P03-01/material-checkpoint-2026-10-09.json;docs/evidence/P03-01/material-delivery-2026-10-09.json;docs/evidence/P03-01/chat-host-checkpoint-2026-10-09.json;docs/evidence/P03-01/chat-host-delivery-2026-10-09.json;docs/evidence/P03-01/scoped-library-checkpoint-2026-10-09.json;docs/evidence/P03-01/scoped-folder-checkpoint-2026-10-09.json;docs/evidence/P03-01/requirements-audit-2026-10-09.md;docs/evidence/P03-01/resume-validation-2026-10-09.json;docs/evidence/P03-01/public-snapshot-preparation-2026-10-09.json,47db847+working-tree:ADR0039/0040,按共享契约与任务详规验收；2026-10-05用户授权P03，前置门禁已核验；业务尚未验收；schema8/契约unit230及相关integration36通过；业务未验收；原生依赖因当前标准用户失败关闭；文件仓库基础里程碑unit230/相关integration45/check=0；Host/实际解析/UI待实现；状态in_progress；受限文本/ZIP handler注册；unit242/integration50/check/build=0；新P03原生/Office/PDF/Host/UI待验；保持in_progress；bcedfd7已push；最新PR Check因INDEX格式失败待修正和复验；只读OOXML及真实native验收代码已实现；unit251/相关integration16/check/build=0；真实native待CI及PDF/image/Host/UI待完成；PDF页/矩形worker及固定资源实现；unit255/integration19/check/build=0；旧OOXML CI集成失败待日志修复；native仍未验收；旧CI仅P03原生3项失败待精确诊断；P00标准22/22及六轮Office通过；仓库清预览/去重占用/备份保留已实现unit255/integration56/check=0；Host/UI未接入；Host token/FileService接口已实现；unit255/相关integration72/新增16/check/build=0；UI未验收；R15账单导致新CI零步骤失败；native诊断未运行；2026-10-06文件库真实Electron4/回归8及integration80/unit255/build通过；批量取消无假成功；native/R15/崩溃恢复/任务使用记录待收口；2026-10-06实际导入进程终止后恢复/幂等/重新选择及Electron提示隐藏跨重启通过；native与parser暂存仍待收口；2026-10-09聊天固定解析结构/项目授权与旧版引用实现，integration53/unit7/Electron12通过；物理导入统一/native待收口，不冒充原生解析验收；8f69beb已push且SHA核验，最新CI仍因R15零步骤failure，状态不提升；2026-10-09物理聊天Host导入/虚拟粘贴兼容及固定项目下载撤权链路已验证；unit13/integration56/最终Electron14+单项复验1通过；R15/native与导航故障审计待收口，状态不提升；99afbad已push/SHA一致，当前CI仍R15零步骤失败，新native诊断未运行；2026-10-09导航生命周期/固定范围版本修复：unit15/integration81/P03 Electron12通过；跨范围目录/需求审计/native待收口，状态不提升；2026-10-09跨范围目录投影修复integration82/完整P03 Electron13及最终单项1/1通过；P03交接已记录，原生及最终需求审计待收口，状态不提升;2026-10-09接续最终审计：library/session/project 导入目标及固定引用/撤权已验；本地unit44/integration148/Electron17通过，R15/native未收口，任务状态不提升;2026-10-09独立公开副本本地准备；新CI未运行；R15 pending；任务状态不提升
FR-13-012,实现,P03-01,in_progress,P03-01.integration;P03-01.Electron;P03-01.audit,docs/evidence/P03-01/dependency-preflight-2026-10-05.json;docs/evidence/P03-01/checkpoint-2026-10-06.json;docs/evidence/P03-01/repository-2026-10-06.json;docs/evidence/P03-01/parser-checkpoint-2026-10-06.json;docs/evidence/P03-01/office-parser-checkpoint-2026-10-06.json;docs/evidence/P03-01/pdf-parser-checkpoint-2026-10-06.json;docs/evidence/P03-01/native-parser-failure-2026-10-06.json;docs/evidence/P03-01/storage-checkpoint-2026-10-06.json;docs/evidence/P03-01/original-export-checkpoint-2026-10-06.json;docs/evidence/P03-01/library-checkpoint-2026-10-06.json;docs/evidence/P03-01/import-recovery-checkpoint-2026-10-06.json;docs/evidence/P03-01/staging-checkpoint-2026-10-09.json;docs/evidence/P03-01/chat-host-checkpoint-2026-10-09.json;docs/evidence/P03-01/chat-host-delivery-2026-10-09.json;docs/evidence/P03-01/scoped-library-checkpoint-2026-10-09.json;docs/evidence/P03-01/requirements-audit-2026-10-09.md;docs/evidence/P03-01/resume-validation-2026-10-09.json;docs/evidence/P03-01/public-snapshot-preparation-2026-10-09.json,47db847+working-tree:ADR0039/0040,按共享契约与任务详规验收；2026-10-05用户授权P03，前置门禁已核验；业务尚未验收；schema8/契约unit230及相关integration36通过；业务未验收；原生依赖因当前标准用户失败关闭；文件仓库基础里程碑unit230/相关integration45/check=0；Host/实际解析/UI待实现；状态in_progress；受限文本/ZIP handler注册；unit242/integration50/check/build=0；新P03原生/Office/PDF/Host/UI待验；保持in_progress；bcedfd7已push；最新PR Check因INDEX格式失败待修正和复验；只读OOXML及真实native验收代码已实现；unit251/相关integration16/check/build=0；真实native待CI及PDF/image/Host/UI待完成；PDF页/矩形worker及固定资源实现；unit255/integration19/check/build=0；旧OOXML CI集成失败待日志修复；native仍未验收；旧CI仅P03原生3项失败待精确诊断；P00标准22/22及六轮Office通过；仓库清预览/去重占用/备份保留已实现unit255/integration56/check=0；Host/UI未接入；受控原件导出接口已实现；导出5/相关32 integration及check/tsc=0；实际Electron/UI未验；既有文件wx不覆盖及旧版本固定；R15原生诊断未运行；2026-10-06文件库真实Electron4/回归8及integration80/unit255/build通过；批量取消无假成功；native/R15/崩溃恢复/任务使用记录待收口；2026-10-06实际导入进程终止后恢复/幂等/重新选择及Electron提示隐藏跨重启通过；native与parser暂存仍待收口；2026-10-09租约暂存后台恢复/原件保留/关闭维护及integration41/Electron13/build通过；native与任务剩余仍待收口；2026-10-09物理聊天Host导入/虚拟粘贴兼容及固定项目下载撤权链路已验证；unit13/integration56/最终Electron14+单项复验1通过；R15/native与导航故障审计待收口，状态不提升；99afbad已push/SHA一致，当前CI仍R15零步骤失败，新native诊断未运行；2026-10-09导航生命周期/固定范围版本修复：unit15/integration81/P03 Electron12通过；跨范围目录/需求审计/native待收口，状态不提升;2026-10-09接续最终审计：失败/unsupported 与历史版本原件导出及前后权限检查已验；本地unit44/integration148/Electron17通过，R15/native未收口，任务状态不提升;2026-10-09独立公开副本本地准备；新CI未运行；R15 pending；任务状态不提升
FR-14-001,实现,P03-01,in_progress,P03-01.integration;P03-01.Electron;P03-01.audit,docs/evidence/P03-01/dependency-preflight-2026-10-05.json;docs/evidence/P03-01/checkpoint-2026-10-06.json;docs/evidence/P03-01/repository-2026-10-06.json;docs/evidence/P03-01/parser-checkpoint-2026-10-06.json;docs/evidence/P03-01/office-parser-checkpoint-2026-10-06.json;docs/evidence/P03-01/pdf-parser-checkpoint-2026-10-06.json;docs/evidence/P03-01/native-parser-failure-2026-10-06.json;docs/evidence/P03-01/storage-checkpoint-2026-10-06.json;docs/evidence/P03-01/library-checkpoint-2026-10-06.json;docs/evidence/P03-01/import-recovery-checkpoint-2026-10-06.json;docs/evidence/P03-01/requirements-audit-2026-10-09.md;docs/evidence/P03-01/resume-validation-2026-10-09.json;docs/evidence/P03-01/public-snapshot-preparation-2026-10-09.json,47db847+working-tree:ADR0039/0040,按共享契约与任务详规验收；2026-10-05用户授权P03，前置门禁已核验；业务尚未验收；schema8/契约unit230及相关integration36通过；业务未验收；原生依赖因当前标准用户失败关闭；文件仓库基础里程碑unit230/相关integration45/check=0；Host/实际解析/UI待实现；状态in_progress；受限文本/ZIP handler注册；unit242/integration50/check/build=0；新P03原生/Office/PDF/Host/UI待验；保持in_progress；bcedfd7已push；最新PR Check因INDEX格式失败待修正和复验；只读OOXML及真实native验收代码已实现；unit251/相关integration16/check/build=0；真实native待CI及PDF/image/Host/UI待完成；PDF页/矩形worker及固定资源实现；unit255/integration19/check/build=0；旧OOXML CI集成失败待日志修复；native仍未验收；旧CI仅P03原生3项失败待精确诊断；P00标准22/22及六轮Office通过；仓库清预览/去重占用/备份保留已实现unit255/integration56/check=0；Host/UI未接入；2026-10-06文件库真实Electron4/回归8及integration80/unit255/build通过；批量取消无假成功；native/R15/崩溃恢复/任务使用记录待收口；2026-10-06实际导入进程终止后恢复/幂等/重新选择及Electron提示隐藏跨重启通过；native与parser暂存仍待收口;2026-10-09接续最终审计：真实保存消息笔记进入生成成果库/搜索/固定范围/下载已验，旧笔记迁移已验；办公成果生产为 P07；本地unit44/integration148/Electron17通过，R15/native未收口，任务状态不提升;2026-10-09独立公开副本本地准备；新CI未运行；R15 pending；任务状态不提升
FR-14-002,实现,P03-01,in_progress,P03-01.integration;P03-01.Electron;P03-01.audit,docs/evidence/P03-01/dependency-preflight-2026-10-05.json;docs/evidence/P03-01/checkpoint-2026-10-06.json;docs/evidence/P03-01/repository-2026-10-06.json;docs/evidence/P03-01/parser-checkpoint-2026-10-06.json;docs/evidence/P03-01/office-parser-checkpoint-2026-10-06.json;docs/evidence/P03-01/pdf-parser-checkpoint-2026-10-06.json;docs/evidence/P03-01/native-parser-failure-2026-10-06.json;docs/evidence/P03-01/storage-checkpoint-2026-10-06.json;docs/evidence/P03-01/library-checkpoint-2026-10-06.json;docs/evidence/P03-01/scoped-library-checkpoint-2026-10-09.json;docs/evidence/P03-01/scoped-folder-checkpoint-2026-10-09.json;docs/evidence/P03-01/requirements-audit-2026-10-09.md;docs/evidence/P03-01/resume-validation-2026-10-09.json;docs/evidence/P03-01/public-snapshot-preparation-2026-10-09.json,47db847+working-tree:ADR0039/0040,按共享契约与任务详规验收；2026-10-05用户授权P03，前置门禁已核验；业务尚未验收；schema8/契约unit230及相关integration36通过；业务未验收；原生依赖因当前标准用户失败关闭；文件仓库基础里程碑unit230/相关integration45/check=0；Host/实际解析/UI待实现；状态in_progress；受限文本/ZIP handler注册；unit242/integration50/check/build=0；新P03原生/Office/PDF/Host/UI待验；保持in_progress；bcedfd7已push；最新PR Check因INDEX格式失败待修正和复验；只读OOXML及真实native验收代码已实现；unit251/相关integration16/check/build=0；真实native待CI及PDF/image/Host/UI待完成；PDF页/矩形worker及固定资源实现；unit255/integration19/check/build=0；旧OOXML CI集成失败待日志修复；native仍未验收；旧CI仅P03原生3项失败待精确诊断；P00标准22/22及六轮Office通过；仓库清预览/去重占用/备份保留已实现unit255/integration56/check=0；Host/UI未接入；2026-10-06文件库真实Electron4/回归8及integration80/unit255/build通过；批量取消无假成功；native/R15/崩溃恢复/任务使用记录待收口；2026-10-09导航生命周期/固定范围版本修复：unit15/integration81/P03 Electron12通过；跨范围目录/需求审计/native待收口，状态不提升；2026-10-09跨范围目录投影修复integration82/完整P03 Electron13及最终单项1/1通过；P03交接已记录，原生及最终需求审计待收口，状态不提升;2026-10-09接续最终审计：类型/来源/项目会话/日期/收藏筛选和固定旧版一致性已验；本地unit44/integration148/Electron17通过，R15/native未收口，任务状态不提升;2026-10-09独立公开副本本地准备；新CI未运行；R15 pending；任务状态不提升
FR-14-003,实现,P03-01,in_progress,P03-01.integration;P03-01.Electron;P03-01.audit,docs/evidence/P03-01/dependency-preflight-2026-10-05.json;docs/evidence/P03-01/checkpoint-2026-10-06.json;docs/evidence/P03-01/repository-2026-10-06.json;docs/evidence/P03-01/parser-checkpoint-2026-10-06.json;docs/evidence/P03-01/office-parser-checkpoint-2026-10-06.json;docs/evidence/P03-01/pdf-parser-checkpoint-2026-10-06.json;docs/evidence/P03-01/native-parser-failure-2026-10-06.json;docs/evidence/P03-01/storage-checkpoint-2026-10-06.json;docs/evidence/P03-01/library-checkpoint-2026-10-06.json;docs/evidence/P03-01/scoped-library-checkpoint-2026-10-09.json;docs/evidence/P03-01/requirements-audit-2026-10-09.md;docs/evidence/P03-01/resume-validation-2026-10-09.json;docs/evidence/P03-01/public-snapshot-preparation-2026-10-09.json,47db847+working-tree:ADR0039/0040,按共享契约与任务详规验收；2026-10-05用户授权P03，前置门禁已核验；业务尚未验收；schema8/契约unit230及相关integration36通过；业务未验收；原生依赖因当前标准用户失败关闭；文件仓库基础里程碑unit230/相关integration45/check=0；Host/实际解析/UI待实现；状态in_progress；受限文本/ZIP handler注册；unit242/integration50/check/build=0；新P03原生/Office/PDF/Host/UI待验；保持in_progress；bcedfd7已push；最新PR Check因INDEX格式失败待修正和复验；只读OOXML及真实native验收代码已实现；unit251/相关integration16/check/build=0；真实native待CI及PDF/image/Host/UI待完成；PDF页/矩形worker及固定资源实现；unit255/integration19/check/build=0；旧OOXML CI集成失败待日志修复；native仍未验收；旧CI仅P03原生3项失败待精确诊断；P00标准22/22及六轮Office通过；仓库清预览/去重占用/备份保留已实现unit255/integration56/check=0；Host/UI未接入；2026-10-06文件库真实Electron4/回归8及integration80/unit255/build通过；批量取消无假成功；native/R15/崩溃恢复/任务使用记录待收口；2026-10-09导航生命周期/固定范围版本修复：unit15/integration81/P03 Electron12通过；跨范围目录/需求审计/native待收口，状态不提升;2026-10-09接续最终审计：名称/固定版本结构索引/已知生成正文搜索已验；native 结构生产待验；本地unit44/integration148/Electron17通过，R15/native未收口，任务状态不提升;2026-10-09独立公开副本本地准备；新CI未运行；R15 pending；任务状态不提升
FR-14-004,实现,P03-01,in_progress,P03-01.integration;P03-01.Electron;P03-01.audit,docs/evidence/P03-01/dependency-preflight-2026-10-05.json;docs/evidence/P03-01/checkpoint-2026-10-06.json;docs/evidence/P03-01/repository-2026-10-06.json;docs/evidence/P03-01/parser-checkpoint-2026-10-06.json;docs/evidence/P03-01/office-parser-checkpoint-2026-10-06.json;docs/evidence/P03-01/pdf-parser-checkpoint-2026-10-06.json;docs/evidence/P03-01/native-parser-failure-2026-10-06.json;docs/evidence/P03-01/storage-checkpoint-2026-10-06.json;docs/evidence/P03-01/library-checkpoint-2026-10-06.json;docs/evidence/P03-01/scoped-library-checkpoint-2026-10-09.json;docs/evidence/P03-01/scoped-folder-checkpoint-2026-10-09.json;docs/evidence/P03-01/requirements-audit-2026-10-09.md;docs/evidence/P03-01/resume-validation-2026-10-09.json;docs/evidence/P03-01/public-snapshot-preparation-2026-10-09.json,47db847+working-tree:ADR0039/0040,按共享契约与任务详规验收；2026-10-05用户授权P03，前置门禁已核验；业务尚未验收；schema8/契约unit230及相关integration36通过；业务未验收；原生依赖因当前标准用户失败关闭；文件仓库基础里程碑unit230/相关integration45/check=0；Host/实际解析/UI待实现；状态in_progress；受限文本/ZIP handler注册；unit242/integration50/check/build=0；新P03原生/Office/PDF/Host/UI待验；保持in_progress；bcedfd7已push；最新PR Check因INDEX格式失败待修正和复验；只读OOXML及真实native验收代码已实现；unit251/相关integration16/check/build=0；真实native待CI及PDF/image/Host/UI待完成；PDF页/矩形worker及固定资源实现；unit255/integration19/check/build=0；旧OOXML CI集成失败待日志修复；native仍未验收；旧CI仅P03原生3项失败待精确诊断；P00标准22/22及六轮Office通过；仓库清预览/去重占用/备份保留已实现unit255/integration56/check=0；Host/UI未接入；2026-10-06文件库真实Electron4/回归8及integration80/unit255/build通过；批量取消无假成功；native/R15/崩溃恢复/任务使用记录待收口；2026-10-09导航生命周期/固定范围版本修复：unit15/integration81/P03 Electron12通过；跨范围目录/需求审计/native待收口，状态不提升；2026-10-09跨范围目录投影修复integration82/完整P03 Electron13及最终单项1/1通过；P03交接已记录，原生及最终需求审计待收口，状态不提升;2026-10-09接续最终审计：原始版本格式/大小/owner/更新时间/hash 元数据及详情已验；本地unit44/integration148/Electron17通过，R15/native未收口，任务状态不提升;2026-10-09独立公开副本本地准备；新CI未运行；R15 pending；任务状态不提升
FR-14-005,实现,P03-01,in_progress,P03-01.integration;P03-01.Electron;P03-01.audit,docs/evidence/P03-01/dependency-preflight-2026-10-05.json;docs/evidence/P03-01/checkpoint-2026-10-06.json;docs/evidence/P03-01/repository-2026-10-06.json;docs/evidence/P03-01/parser-checkpoint-2026-10-06.json;docs/evidence/P03-01/office-parser-checkpoint-2026-10-06.json;docs/evidence/P03-01/pdf-parser-checkpoint-2026-10-06.json;docs/evidence/P03-01/native-parser-failure-2026-10-06.json;docs/evidence/P03-01/storage-checkpoint-2026-10-06.json;docs/evidence/P03-01/host-import-checkpoint-2026-10-06.json;docs/evidence/P03-01/library-checkpoint-2026-10-06.json;docs/evidence/P03-01/scoped-library-checkpoint-2026-10-09.json;docs/evidence/P03-01/scoped-folder-checkpoint-2026-10-09.json;docs/evidence/P03-01/requirements-audit-2026-10-09.md;docs/evidence/P03-01/resume-validation-2026-10-09.json;docs/evidence/P03-01/public-snapshot-preparation-2026-10-09.json,47db847+working-tree:ADR0039/0040,按共享契约与任务详规验收；2026-10-05用户授权P03，前置门禁已核验；业务尚未验收；schema8/契约unit230及相关integration36通过；业务未验收；原生依赖因当前标准用户失败关闭；文件仓库基础里程碑unit230/相关integration45/check=0；Host/实际解析/UI待实现；状态in_progress；受限文本/ZIP handler注册；unit242/integration50/check/build=0；新P03原生/Office/PDF/Host/UI待验；保持in_progress；bcedfd7已push；最新PR Check因INDEX格式失败待修正和复验；只读OOXML及真实native验收代码已实现；unit251/相关integration16/check/build=0；真实native待CI及PDF/image/Host/UI待完成；PDF页/矩形worker及固定资源实现；unit255/integration19/check/build=0；旧OOXML CI集成失败待日志修复；native仍未验收；旧CI仅P03原生3项失败待精确诊断；P00标准22/22及六轮Office通过；仓库清预览/去重占用/备份保留已实现unit255/integration56/check=0；Host/UI未接入；Host token/FileService接口已实现；unit255/相关integration72/新增16/check/build=0；UI未验收；R15账单导致新CI零步骤失败；native诊断未运行；2026-10-06文件库真实Electron4/回归8及integration80/unit255/build通过；批量取消无假成功；native/R15/崩溃恢复/任务使用记录待收口；2026-10-09导航生命周期/固定范围版本修复：unit15/integration81/P03 Electron12通过；跨范围目录/需求审计/native待收口，状态不提升；2026-10-09跨范围目录投影修复integration82/完整P03 Electron13及最终单项1/1通过；P03交接已记录，原生及最终需求审计待收口，状态不提升;2026-10-09接续最终审计：folders/rename/move/copy/favorite 修订与范围校验及实际界面已验；本地unit44/integration148/Electron17通过，R15/native未收口，任务状态不提升;2026-10-09独立公开副本本地准备；新CI未运行；R15 pending；任务状态不提升
FR-14-006,实现,P03-01,in_progress,P03-01.integration;P03-01.Electron;P03-01.audit,docs/evidence/P03-01/dependency-preflight-2026-10-05.json;docs/evidence/P03-01/checkpoint-2026-10-06.json;docs/evidence/P03-01/repository-2026-10-06.json;docs/evidence/P03-01/parser-checkpoint-2026-10-06.json;docs/evidence/P03-01/office-parser-checkpoint-2026-10-06.json;docs/evidence/P03-01/pdf-parser-checkpoint-2026-10-06.json;docs/evidence/P03-01/native-parser-failure-2026-10-06.json;docs/evidence/P03-01/storage-checkpoint-2026-10-06.json;docs/evidence/P03-01/original-export-checkpoint-2026-10-06.json;docs/evidence/P03-01/library-checkpoint-2026-10-06.json;docs/evidence/P03-01/requirements-audit-2026-10-09.md;docs/evidence/P03-01/resume-validation-2026-10-09.json;docs/evidence/P03-01/public-snapshot-preparation-2026-10-09.json,47db847+working-tree:ADR0039/0040,按共享契约与任务详规验收；2026-10-05用户授权P03，前置门禁已核验；业务尚未验收；schema8/契约unit230及相关integration36通过；业务未验收；原生依赖因当前标准用户失败关闭；文件仓库基础里程碑unit230/相关integration45/check=0；Host/实际解析/UI待实现；状态in_progress；受限文本/ZIP handler注册；unit242/integration50/check/build=0；新P03原生/Office/PDF/Host/UI待验；保持in_progress；bcedfd7已push；最新PR Check因INDEX格式失败待修正和复验；只读OOXML及真实native验收代码已实现；unit251/相关integration16/check/build=0；真实native待CI及PDF/image/Host/UI待完成；PDF页/矩形worker及固定资源实现；unit255/integration19/check/build=0；旧OOXML CI集成失败待日志修复；native仍未验收；旧CI仅P03原生3项失败待精确诊断；P00标准22/22及六轮Office通过；仓库清预览/去重占用/备份保留已实现unit255/integration56/check=0；Host/UI未接入；受控原件导出接口已实现；导出5/相关32 integration及check/tsc=0；实际Electron/UI未验；既有文件wx不覆盖及旧版本固定；R15原生诊断未运行；2026-10-06文件库真实Electron4/回归8及integration80/unit255/build通过；批量取消无假成功；native/R15/崩溃恢复/任务使用记录待收口;2026-10-09接续最终审计：批量移动/下载/删除逐项状态、下载取消与未完成选择保留已验；本地unit44/integration148/Electron17通过，R15/native未收口，任务状态不提升;2026-10-09独立公开副本本地准备；新CI未运行；R15 pending；任务状态不提升
FR-14-007,实现,P03-01,in_progress,P03-01.integration;P03-01.Electron;P03-01.audit,docs/evidence/P03-01/dependency-preflight-2026-10-05.json;docs/evidence/P03-01/checkpoint-2026-10-06.json;docs/evidence/P03-01/repository-2026-10-06.json;docs/evidence/P03-01/parser-checkpoint-2026-10-06.json;docs/evidence/P03-01/office-parser-checkpoint-2026-10-06.json;docs/evidence/P03-01/pdf-parser-checkpoint-2026-10-06.json;docs/evidence/P03-01/native-parser-failure-2026-10-06.json;docs/evidence/P03-01/storage-checkpoint-2026-10-06.json;docs/evidence/P03-01/library-checkpoint-2026-10-06.json;docs/evidence/P03-01/task-usage-checkpoint-2026-10-09.json;docs/evidence/P03-01/requirements-audit-2026-10-09.md;docs/evidence/P03-01/resume-validation-2026-10-09.json;docs/evidence/P03-01/public-snapshot-preparation-2026-10-09.json,47db847+working-tree:ADR0039/0040,按共享契约与任务详规验收；2026-10-05用户授权P03，前置门禁已核验；业务尚未验收；schema8/契约unit230及相关integration36通过；业务未验收；原生依赖因当前标准用户失败关闭；文件仓库基础里程碑unit230/相关integration45/check=0；Host/实际解析/UI待实现；状态in_progress；受限文本/ZIP handler注册；unit242/integration50/check/build=0；新P03原生/Office/PDF/Host/UI待验；保持in_progress；bcedfd7已push；最新PR Check因INDEX格式失败待修正和复验；只读OOXML及真实native验收代码已实现；unit251/相关integration16/check/build=0；真实native待CI及PDF/image/Host/UI待完成；PDF页/矩形worker及固定资源实现；unit255/integration19/check/build=0；旧OOXML CI集成失败待日志修复；native仍未验收；旧CI仅P03原生3项失败待精确诊断；P00标准22/22及六轮Office通过；仓库清预览/去重占用/备份保留已实现unit255/integration56/check=0；Host/UI未接入；2026-10-06文件库真实Electron4/回归8及integration80/unit255/build通过；批量取消无假成功；native/R15/崩溃恢复/任务使用记录待收口；2026-10-09任务附件固定版本/历史任务目标/执行状态及删除恢复投影实现，integration57/unit7/Electron6/build通过；不启动模型或helper，保持in_progress;2026-10-09接续最终审计：会话引用/已接受 run/task_version 使用记录及恢复已验；本地unit44/integration148/Electron17通过，R15/native未收口，任务状态不提升;2026-10-09独立公开副本本地准备；新CI未运行；R15 pending；任务状态不提升
FR-14-008,实现,P03-01,in_progress,P03-01.integration;P03-01.Electron;P03-01.audit,docs/evidence/P03-01/dependency-preflight-2026-10-05.json;docs/evidence/P03-01/checkpoint-2026-10-06.json;docs/evidence/P03-01/repository-2026-10-06.json;docs/evidence/P03-01/parser-checkpoint-2026-10-06.json;docs/evidence/P03-01/office-parser-checkpoint-2026-10-06.json;docs/evidence/P03-01/pdf-parser-checkpoint-2026-10-06.json;docs/evidence/P03-01/native-parser-failure-2026-10-06.json;docs/evidence/P03-01/storage-checkpoint-2026-10-06.json;docs/evidence/P03-01/library-checkpoint-2026-10-06.json;docs/evidence/P03-01/version-ui-checkpoint-2026-10-09.json;docs/evidence/P03-01/material-checkpoint-2026-10-09.json;docs/evidence/P03-01/material-delivery-2026-10-09.json;docs/evidence/P03-01/scoped-library-checkpoint-2026-10-09.json;docs/evidence/P03-01/scoped-folder-checkpoint-2026-10-09.json;docs/evidence/P03-01/requirements-audit-2026-10-09.md;docs/evidence/P03-01/resume-validation-2026-10-09.json;docs/evidence/P03-01/public-snapshot-preparation-2026-10-09.json,47db847+working-tree:ADR0039/0040,按共享契约与任务详规验收；2026-10-05用户授权P03，前置门禁已核验；业务尚未验收；schema8/契约unit230及相关integration36通过；业务未验收；原生依赖因当前标准用户失败关闭；文件仓库基础里程碑unit230/相关integration45/check=0；Host/实际解析/UI待实现；状态in_progress；受限文本/ZIP handler注册；unit242/integration50/check/build=0；新P03原生/Office/PDF/Host/UI待验；保持in_progress；bcedfd7已push；最新PR Check因INDEX格式失败待修正和复验；只读OOXML及真实native验收代码已实现；unit251/相关integration16/check/build=0；真实native待CI及PDF/image/Host/UI待完成；PDF页/矩形worker及固定资源实现；unit255/integration19/check/build=0；旧OOXML CI集成失败待日志修复；native仍未验收；旧CI仅P03原生3项失败待精确诊断；P00标准22/22及六轮Office通过；仓库清预览/去重占用/备份保留已实现unit255/integration56/check=0；Host/UI未接入；2026-10-06文件库真实Electron4/回归8及integration80/unit255/build通过；批量取消无假成功；native/R15/崩溃恢复/任务使用记录待收口；2026-10-09版本/替换/独立副本/固定项目引用移除与历史下载真实Electron7通过，源内容不变；保持in_progress；2026-10-09聊天固定解析结构/项目授权与旧版引用实现，integration53/unit7/Electron12通过；物理导入统一/native待收口，不冒充原生解析验收；8f69beb已push且SHA核验，最新CI仍因R15零步骤failure，状态不提升；2026-10-09导航生命周期/固定范围版本修复：unit15/integration81/P03 Electron12通过；跨范围目录/需求审计/native待收口，状态不提升；2026-10-09跨范围目录投影修复integration82/完整P03 Electron13及最终单项1/1通过；P03交接已记录，原生及最终需求审计待收口，状态不提升;2026-10-09接续最终审计：跨会话项目引用固定版本与根目录可见性、坏指针拒绝已验；本地unit44/integration148/Electron17通过，R15/native未收口，任务状态不提升;2026-10-09独立公开副本本地准备；新CI未运行；R15 pending；任务状态不提升
FR-14-009,实现,P03-01,in_progress,P03-01.integration;P03-01.Electron;P03-01.audit,docs/evidence/P03-01/dependency-preflight-2026-10-05.json;docs/evidence/P03-01/checkpoint-2026-10-06.json;docs/evidence/P03-01/repository-2026-10-06.json;docs/evidence/P03-01/parser-checkpoint-2026-10-06.json;docs/evidence/P03-01/office-parser-checkpoint-2026-10-06.json;docs/evidence/P03-01/pdf-parser-checkpoint-2026-10-06.json;docs/evidence/P03-01/native-parser-failure-2026-10-06.json;docs/evidence/P03-01/storage-checkpoint-2026-10-06.json;docs/evidence/P03-01/host-import-checkpoint-2026-10-06.json;docs/evidence/P03-01/original-export-checkpoint-2026-10-06.json;docs/evidence/P03-01/library-checkpoint-2026-10-06.json;docs/evidence/P03-01/version-ui-checkpoint-2026-10-09.json;docs/evidence/P03-01/scoped-library-checkpoint-2026-10-09.json;docs/evidence/P03-01/requirements-audit-2026-10-09.md;docs/evidence/P03-01/resume-validation-2026-10-09.json;docs/evidence/P03-01/public-snapshot-preparation-2026-10-09.json,47db847+working-tree:ADR0039/0040,按共享契约与任务详规验收；2026-10-05用户授权P03，前置门禁已核验；业务尚未验收；schema8/契约unit230及相关integration36通过；业务未验收；原生依赖因当前标准用户失败关闭；文件仓库基础里程碑unit230/相关integration45/check=0；Host/实际解析/UI待实现；状态in_progress；受限文本/ZIP handler注册；unit242/integration50/check/build=0；新P03原生/Office/PDF/Host/UI待验；保持in_progress；bcedfd7已push；最新PR Check因INDEX格式失败待修正和复验；只读OOXML及真实native验收代码已实现；unit251/相关integration16/check/build=0；真实native待CI及PDF/image/Host/UI待完成；PDF页/矩形worker及固定资源实现；unit255/integration19/check/build=0；旧OOXML CI集成失败待日志修复；native仍未验收；旧CI仅P03原生3项失败待精确诊断；P00标准22/22及六轮Office通过；仓库清预览/去重占用/备份保留已实现unit255/integration56/check=0；Host/UI未接入；Host token/FileService接口已实现；unit255/相关integration72/新增16/check/build=0；UI未验收；R15账单导致新CI零步骤失败；native诊断未运行；受控原件导出接口已实现；导出5/相关32 integration及check/tsc=0；实际Electron/UI未验；既有文件wx不覆盖及旧版本固定；R15原生诊断未运行；2026-10-06文件库真实Electron4/回归8及integration80/unit255/build通过；批量取消无假成功；native/R15/崩溃恢复/任务使用记录待收口；2026-10-09版本/替换/独立副本/固定项目引用移除与历史下载真实Electron7通过，源内容不变；保持in_progress；2026-10-09导航生命周期/固定范围版本修复：unit15/integration81/P03 Electron12通过；跨范围目录/需求审计/native待收口，状态不提升;2026-10-09接续最终审计：版本历史/恢复新增版本/指定版本副本和下载已验；本地unit44/integration148/Electron17通过，R15/native未收口，任务状态不提升;2026-10-09独立公开副本本地准备；新CI未运行；R15 pending；任务状态不提升
FR-14-010,实现,P03-01,in_progress,P03-01.integration;P03-01.Electron;P03-01.audit,docs/evidence/P03-01/dependency-preflight-2026-10-05.json;docs/evidence/P03-01/checkpoint-2026-10-06.json;docs/evidence/P03-01/repository-2026-10-06.json;docs/evidence/P03-01/parser-checkpoint-2026-10-06.json;docs/evidence/P03-01/office-parser-checkpoint-2026-10-06.json;docs/evidence/P03-01/pdf-parser-checkpoint-2026-10-06.json;docs/evidence/P03-01/native-parser-failure-2026-10-06.json;docs/evidence/P03-01/storage-checkpoint-2026-10-06.json;docs/evidence/P03-01/library-checkpoint-2026-10-06.json;docs/evidence/P03-01/version-ui-checkpoint-2026-10-09.json;docs/evidence/P03-01/requirements-audit-2026-10-09.md;docs/evidence/P03-01/resume-validation-2026-10-09.json;docs/evidence/P03-01/public-snapshot-preparation-2026-10-09.json,47db847+working-tree:ADR0039/0040,按共享契约与任务详规验收；2026-10-05用户授权P03，前置门禁已核验；业务尚未验收；schema8/契约unit230及相关integration36通过；业务未验收；原生依赖因当前标准用户失败关闭；文件仓库基础里程碑unit230/相关integration45/check=0；Host/实际解析/UI待实现；状态in_progress；受限文本/ZIP handler注册；unit242/integration50/check/build=0；新P03原生/Office/PDF/Host/UI待验；保持in_progress；bcedfd7已push；最新PR Check因INDEX格式失败待修正和复验；只读OOXML及真实native验收代码已实现；unit251/相关integration16/check/build=0；真实native待CI及PDF/image/Host/UI待完成；PDF页/矩形worker及固定资源实现；unit255/integration19/check/build=0；旧OOXML CI集成失败待日志修复；native仍未验收；旧CI仅P03原生3项失败待精确诊断；P00标准22/22及六轮Office通过；仓库清预览/去重占用/备份保留已实现unit255/integration56/check=0；Host/UI未接入；2026-10-06文件库真实Electron4/回归8及integration80/unit255/build通过；批量取消无假成功；native/R15/崩溃恢复/任务使用记录待收口；2026-10-09版本/替换/独立副本/固定项目引用移除与历史下载真实Electron7通过，源内容不变；保持in_progress;2026-10-09接续最终审计：移除引用与实体删除影响预览和权限分别验证；本地unit44/integration148/Electron17通过，R15/native未收口，任务状态不提升;2026-10-09独立公开副本本地准备；新CI未运行；R15 pending；任务状态不提升
FR-14-011,实现,P03-01,in_progress,P03-01.integration;P03-01.Electron;P03-01.audit,docs/evidence/P03-01/dependency-preflight-2026-10-05.json;docs/evidence/P03-01/checkpoint-2026-10-06.json;docs/evidence/P03-01/repository-2026-10-06.json;docs/evidence/P03-01/parser-checkpoint-2026-10-06.json;docs/evidence/P03-01/office-parser-checkpoint-2026-10-06.json;docs/evidence/P03-01/pdf-parser-checkpoint-2026-10-06.json;docs/evidence/P03-01/native-parser-failure-2026-10-06.json;docs/evidence/P03-01/storage-checkpoint-2026-10-06.json;docs/evidence/P03-01/library-checkpoint-2026-10-06.json;docs/evidence/P03-01/requirements-audit-2026-10-09.md;docs/evidence/P03-01/resume-validation-2026-10-09.json;docs/evidence/P03-01/public-snapshot-preparation-2026-10-09.json,47db847+working-tree:ADR0039/0040,按共享契约与任务详规验收；2026-10-05用户授权P03，前置门禁已核验；业务尚未验收；schema8/契约unit230及相关integration36通过；业务未验收；原生依赖因当前标准用户失败关闭；文件仓库基础里程碑unit230/相关integration45/check=0；Host/实际解析/UI待实现；状态in_progress；受限文本/ZIP handler注册；unit242/integration50/check/build=0；新P03原生/Office/PDF/Host/UI待验；保持in_progress；bcedfd7已push；最新PR Check因INDEX格式失败待修正和复验；只读OOXML及真实native验收代码已实现；unit251/相关integration16/check/build=0；真实native待CI及PDF/image/Host/UI待完成；PDF页/矩形worker及固定资源实现；unit255/integration19/check/build=0；旧OOXML CI集成失败待日志修复；native仍未验收；旧CI仅P03原生3项失败待精确诊断；P00标准22/22及六轮Office通过；仓库清预览/去重占用/备份保留已实现unit255/integration56/check=0；Host/UI未接入；2026-10-06文件库真实Electron4/回归8及integration80/unit255/build通过；批量取消无假成功；native/R15/崩溃恢复/任务使用记录待收口;2026-10-09接续最终审计：30 天保留/恢复/永久删除 journal/旧备份防复活已验；本地unit44/integration148/Electron17通过，R15/native未收口，任务状态不提升;2026-10-09独立公开副本本地准备；新CI未运行；R15 pending；任务状态不提升
FR-14-012,实现,P03-01,in_progress,P03-01.integration;P03-01.Electron;P03-01.audit,docs/evidence/P03-01/dependency-preflight-2026-10-05.json;docs/evidence/P03-01/checkpoint-2026-10-06.json;docs/evidence/P03-01/repository-2026-10-06.json;docs/evidence/P03-01/parser-checkpoint-2026-10-06.json;docs/evidence/P03-01/office-parser-checkpoint-2026-10-06.json;docs/evidence/P03-01/pdf-parser-checkpoint-2026-10-06.json;docs/evidence/P03-01/native-parser-failure-2026-10-06.json;docs/evidence/P03-01/storage-checkpoint-2026-10-06.json;docs/evidence/P03-01/library-checkpoint-2026-10-06.json;docs/evidence/P03-01/staging-checkpoint-2026-10-09.json;docs/evidence/P03-01/requirements-audit-2026-10-09.md;docs/evidence/P03-01/resume-validation-2026-10-09.json;docs/evidence/P03-01/public-snapshot-preparation-2026-10-09.json,47db847+working-tree:ADR0039/0040,按共享契约与任务详规验收；2026-10-05用户授权P03，前置门禁已核验；业务尚未验收；schema8/契约unit230及相关integration36通过；业务未验收；原生依赖因当前标准用户失败关闭；文件仓库基础里程碑unit230/相关integration45/check=0；Host/实际解析/UI待实现；状态in_progress；受限文本/ZIP handler注册；unit242/integration50/check/build=0；新P03原生/Office/PDF/Host/UI待验；保持in_progress；bcedfd7已push；最新PR Check因INDEX格式失败待修正和复验；只读OOXML及真实native验收代码已实现；unit251/相关integration16/check/build=0；真实native待CI及PDF/image/Host/UI待完成；PDF页/矩形worker及固定资源实现；unit255/integration19/check/build=0；旧OOXML CI集成失败待日志修复；native仍未验收；旧CI仅P03原生3项失败待精确诊断；P00标准22/22及六轮Office通过；仓库清预览/去重占用/备份保留已实现unit255/integration56/check=0；Host/UI未接入；2026-10-06文件库真实Electron4/回归8及integration80/unit255/build通过；批量取消无假成功；native/R15/崩溃恢复/任务使用记录待收口；2026-10-09租约暂存后台恢复/原件保留/关闭维护及integration41/Electron13/build通过；native与任务剩余仍待收口;2026-10-09接续最终审计：共享原件/衍生/备份占用去重与按大小排序/缓存清理已验；本地unit44/integration148/Electron17通过，R15/native未收口，任务状态不提升;2026-10-09独立公开副本本地准备；新CI未运行；R15 pending；任务状态不提升
FR-14-013,实现,P05-02,not_started,,,,按共享契约与任务详规验收
FR-14-014,实现,P05-02,not_started,,,,按共享契约与任务详规验收
FR-14-015,实现,P05-02,not_started,,,,按共享契约与任务详规验收
FR-14-016,实现,P05-02,not_started,,,,按共享契约与任务详规验收
FR-14-017,实现,P05-02,not_started,,,,按共享契约与任务详规验收
FR-14-018,实现,P05-02,not_started,,,,按共享契约与任务详规验收
FR-14-019,实现,P05-02,not_started,,,,按共享契约与任务详规验收
FR-15-001,实现,P03-02,not_started,,,,按共享契约与任务详规验收
FR-15-002,实现,P03-02,not_started,,,,按共享契约与任务详规验收
FR-15-003,实现,P03-02,not_started,,,,按共享契约与任务详规验收
FR-15-004,实现,P03-02,not_started,,,,按共享契约与任务详规验收
FR-15-005,实现,P03-02,not_started,,,,按共享契约与任务详规验收
FR-15-006,实现,P03-02,not_started,,,,按共享契约与任务详规验收
FR-15-007,实现,P03-02,not_started,,,,按共享契约与任务详规验收
FR-15-008,实现,P03-02,not_started,,,,按共享契约与任务详规验收
FR-15-009,实现,P03-02,not_started,,,,按共享契约与任务详规验收
FR-15-010,实现,P03-02,not_started,,,,按共享契约与任务详规验收
FR-16-001,调整实现,P10-01,not_started,,,,后期正文画布；不是完整Office原格式编辑器
FR-16-002,调整实现,P10-01,not_started,,,,后期正文画布；不是完整Office原格式编辑器
FR-16-003,调整实现,P10-01,not_started,,,,后期正文画布；不是完整Office原格式编辑器
FR-16-004,调整实现,P10-01,not_started,,,,后期正文画布；不是完整Office原格式编辑器
FR-16-005,调整实现,P10-01,not_started,,,,后期正文画布；不是完整Office原格式编辑器
FR-16-006,调整实现,P10-01,not_started,,,,后期正文画布；不是完整Office原格式编辑器
FR-16-007,调整实现,P10-01,not_started,,,,后期正文画布；不是完整Office原格式编辑器
FR-16-008,调整实现,P10-01,not_started,,,,后期正文画布；不是完整Office原格式编辑器
FR-16-009,调整实现,P10-01,not_started,,,,后期正文画布；不是完整Office原格式编辑器
FR-16-010,调整实现,P10-01,not_started,,,,后期正文画布；不是完整Office原格式编辑器
FR-16-011,调整实现,P10-01,not_started,,,,后期正文画布；不是完整Office原格式编辑器
FR-16-012,调整实现,P10-01,not_started,,,,后期正文画布；不是完整Office原格式编辑器
FR-17-001,实现,P07-01,not_started,,,,可编辑文档与PDF成果
FR-17-002,实现,P07-01,not_started,,,,可编辑文档与PDF成果
FR-17-003,实现,P07-01,not_started,,,,可编辑文档与PDF成果
FR-17-004,实现,P07-01,not_started,,,,可编辑文档与PDF成果
FR-17-005,实现,P07-03,not_started,,,,通过SlideDeckSpec和预览修改
FR-17-006,实现,P07-03,not_started,,,,通过SlideDeckSpec和预览修改
FR-17-007,实现,P07-03,not_started,,,,通过SlideDeckSpec和预览修改
FR-17-008,实现,P07-01,not_started,,,,可编辑文档与PDF成果
FR-17-009,实现,P07-02,not_started,,,,表格分析/图表成果，非完整Excel编辑器
FR-17-010,实现,P07-02,not_started,,,,表格分析/图表成果，非完整Excel编辑器
FR-17-011,实现,P07-02,not_started,,,,表格分析/图表成果，非完整Excel编辑器
FR-17-012,实现,P07-02,not_started,,,,表格分析/图表成果，非完整Excel编辑器
FR-17-013,实现,P07-02,not_started,,,,表格分析/图表成果，非完整Excel编辑器
FR-17-014,实现,P07-02,not_started,,,,表格分析/图表成果，非完整Excel编辑器
FR-17-015,实现,P07-02,not_started,,,,表格分析/图表成果，非完整Excel编辑器
FR-17-016,实现,P07-02,not_started,,,,表格分析/图表成果，非完整Excel编辑器
FR-17-017,实现,P07-02,not_started,,,,表格分析/图表成果，非完整Excel编辑器
FR-18-001,实现,P05-01,not_started,,,,按共享契约与任务详规验收
FR-18-002,实现,P05-01,not_started,,,,按共享契约与任务详规验收
FR-18-003,实现,P05-01,not_started,,,,按共享契约与任务详规验收
FR-18-004,实现,P05-01,not_started,,,,按共享契约与任务详规验收
FR-18-005,实现,P05-01,not_started,,,,按共享契约与任务详规验收
FR-18-006,实现,P05-01,not_started,,,,按共享契约与任务详规验收
FR-18-007,实现,P05-01,not_started,,,,按共享契约与任务详规验收
FR-18-008,实现,P05-01,not_started,,,,按共享契约与任务详规验收
FR-18-009,实现,P08-02,not_started,,,,按共享契约与任务详规验收
FR-18-010,实现,P08-02,not_started,,,,按共享契约与任务详规验收
FR-18-011,实现,P08-02,not_started,,,,按共享契约与任务详规验收
FR-18-012,实现,P08-02,not_started,,,,按共享契约与任务详规验收
FR-18-013,实现,P08-02,not_started,,,,按共享契约与任务详规验收
FR-18-014,实现,P08-02,not_started,,,,按共享契约与任务详规验收
FR-18-015,实现,P08-02,not_started,,,,按共享契约与任务详规验收
FR-18-016,实现,P08-02,not_started,,,,按共享契约与任务详规验收
FR-19-001,延期,—,deferred,,,,用户明确低优先级，本手册不设计实现方案
FR-19-002,延期,—,deferred,,,,用户明确低优先级，本手册不设计实现方案
FR-19-003,延期,—,deferred,,,,用户明确低优先级，本手册不设计实现方案
FR-19-004,延期,—,deferred,,,,用户明确低优先级，本手册不设计实现方案
FR-19-005,延期,—,deferred,,,,用户明确低优先级，本手册不设计实现方案
FR-19-006,延期,—,deferred,,,,用户明确低优先级，本手册不设计实现方案
FR-19-007,延期,—,deferred,,,,用户明确低优先级，本手册不设计实现方案
FR-19-008,延期,—,deferred,,,,用户明确低优先级，本手册不设计实现方案
FR-19-009,延期,—,deferred,,,,用户明确低优先级，本手册不设计实现方案
FR-19-010,延期,—,deferred,,,,用户明确低优先级，本手册不设计实现方案
FR-19-011,延期,—,deferred,,,,用户明确低优先级，本手册不设计实现方案
FR-19-012,延期,—,deferred,,,,用户明确低优先级，本手册不设计实现方案
FR-20-001,延期,—,deferred,,,,用户明确低优先级，本手册不设计实现方案
FR-20-002,延期,—,deferred,,,,用户明确低优先级，本手册不设计实现方案
FR-20-003,延期,—,deferred,,,,用户明确低优先级，本手册不设计实现方案
FR-20-004,延期,—,deferred,,,,用户明确低优先级，本手册不设计实现方案
FR-20-005,延期,—,deferred,,,,用户明确低优先级，本手册不设计实现方案
FR-20-006,延期,—,deferred,,,,用户明确低优先级，本手册不设计实现方案
FR-20-007,延期,—,deferred,,,,用户明确低优先级，本手册不设计实现方案
FR-20-008,延期,—,deferred,,,,用户明确低优先级，本手册不设计实现方案
FR-20-009,延期,—,deferred,,,,用户明确低优先级，本手册不设计实现方案
FR-20-010,延期,—,deferred,,,,用户明确低优先级，本手册不设计实现方案
FR-20-011,延期,—,deferred,,,,用户明确低优先级，本手册不设计实现方案
FR-20-012,延期,—,deferred,,,,用户明确低优先级，本手册不设计实现方案
FR-20-013,延期,—,deferred,,,,用户明确低优先级，本手册不设计实现方案
FR-20-014,延期,—,deferred,,,,用户明确低优先级，本手册不设计实现方案
FR-20-015,延期,—,deferred,,,,用户明确低优先级，本手册不设计实现方案
FR-20-016,延期,—,deferred,,,,用户明确低优先级，本手册不设计实现方案
FR-21-001,实现,P08-01,not_started,,,,按共享契约与任务详规验收
FR-21-002,实现,P08-01,not_started,,,,按共享契约与任务详规验收
FR-21-003,实现,P08-01,not_started,,,,按共享契约与任务详规验收
FR-21-004,实现,P08-01,not_started,,,,按共享契约与任务详规验收
FR-21-005,实现,P08-01,not_started,,,,按共享契约与任务详规验收
FR-21-006,实现,P08-01,not_started,,,,按共享契约与任务详规验收
FR-21-007,调整实现,P08-01,not_started,,,,识别阻碍/用户接管；不托管网站登录或自动解验证码
FR-21-008,部分实现,P08-01,not_started,,,,实现提交前审阅；购买工具和自动付款不纳入
FR-21-009,实现,P08-01,not_started,,,,按共享契约与任务详规验收
FR-21-010,延期,—,deferred,,,,本机其他应用/屏幕控制延期
FR-21-011,延期,—,deferred,,,,本机其他应用/屏幕控制延期
FR-21-012,延期,—,deferred,,,,本机其他应用/屏幕控制延期
FR-21-013,延期,—,deferred,,,,本机其他应用/屏幕控制延期
FR-21-014,延期,—,deferred,,,,本机其他应用/屏幕控制延期
FR-21-015,延期,—,deferred,,,,本机其他应用/屏幕控制延期
FR-21-016,延期,—,deferred,,,,本机其他应用/屏幕控制延期
FR-22-001,实现,P09-01,not_started,,,,按共享契约与任务详规验收
FR-22-002,实现,P09-01,not_started,,,,按共享契约与任务详规验收
FR-22-003,实现,P09-02,not_started,,,,按共享契约与任务详规验收
FR-22-004,实现,P09-01,not_started,,,,按共享契约与任务详规验收
FR-22-005,实现,P09-01,not_started,,,,按共享契约与任务详规验收
FR-22-006,实现,P09-01,not_started,,,,按共享契约与任务详规验收
FR-22-007,实现,P09-02,not_started,,,,按共享契约与任务详规验收
FR-22-008,实现,P09-02,not_started,,,,按共享契约与任务详规验收
FR-22-009,实现,P09-01,not_started,,,,按共享契约与任务详规验收
FR-22-010,实现,P09-03,not_started,,,,按共享契约与任务详规验收
FR-22-011,实现,P09-03,not_started,,,,按共享契约与任务详规验收
FR-22-012,部分实现,P09-04,not_started,,,,文字生成网站纳入，参考图理解随F延期
FR-22-013,实现,P09-04,not_started,,,,只保证本地静态交互预览，不提供公网托管
FR-22-014,实现,P09-04,not_started,,,,只保证本地静态交互预览，不提供公网托管
FR-22-015,实现,P09-04,not_started,,,,只保证本地静态交互预览，不提供公网托管
FR-22-016,实现,P09-04,not_started,,,,只保证本地静态交互预览，不提供公网托管
FR-22-017,延期,—,deferred,,,,用户明确网站发布延期
FR-22-018,延期,—,deferred,,,,用户明确网站发布延期
FR-22-019,延期,—,deferred,,,,用户明确网站发布延期
FR-22-020,实现,P09-04,not_started,,,,只保证本地静态交互预览，不提供公网托管
FR-23-001,占位,P10-02,not_started,,,,只做对应入口/说明页；此条目的实际能力延期
FR-23-002,占位,P10-02,not_started,,,,只做对应入口/说明页；此条目的实际能力延期
FR-23-003,占位,P10-02,not_started,,,,只做对应入口/说明页；此条目的实际能力延期
FR-23-004,占位,P10-02,not_started,,,,只做对应入口/说明页；此条目的实际能力延期
FR-23-005,占位,P10-02,not_started,,,,只做对应入口/说明页；此条目的实际能力延期
FR-23-006,占位,P10-02,not_started,,,,只做对应入口/说明页；此条目的实际能力延期
FR-23-007,占位,P10-02,not_started,,,,只做对应入口/说明页；此条目的实际能力延期
FR-23-008,占位,P10-02,not_started,,,,只做对应入口/说明页；此条目的实际能力延期
FR-23-009,占位,P10-02,not_started,,,,只做对应入口/说明页；此条目的实际能力延期
FR-23-010,占位,P10-02,not_started,,,,只做对应入口/说明页；此条目的实际能力延期
FR-23-011,占位,P10-02,not_started,,,,只做对应入口/说明页；此条目的实际能力延期
FR-23-012,占位,P10-02,not_started,,,,只做对应入口/说明页；此条目的实际能力延期
FR-23-013,占位,P10-02,not_started,,,,只做对应入口/说明页；此条目的实际能力延期
FR-23-014,占位,P10-02,not_started,,,,只做对应入口/说明页；此条目的实际能力延期
FR-23-015,占位,P10-02,not_started,,,,只做对应入口/说明页；此条目的实际能力延期
FR-23-016,占位,P10-02,not_started,,,,只做对应入口/说明页；此条目的实际能力延期
FR-24-001,占位,P10-02,not_started,,,,只做对应入口/说明页；此条目的实际能力延期
FR-24-002,占位,P10-02,not_started,,,,只做对应入口/说明页；此条目的实际能力延期
FR-24-003,占位,P10-02,not_started,,,,只做对应入口/说明页；此条目的实际能力延期
FR-24-004,占位,P10-02,not_started,,,,只做对应入口/说明页；此条目的实际能力延期
FR-24-005,占位,P10-02,not_started,,,,只做对应入口/说明页；此条目的实际能力延期
FR-24-006,占位,P10-02,not_started,,,,只做对应入口/说明页；此条目的实际能力延期
FR-24-007,占位,P10-02,not_started,,,,只做对应入口/说明页；此条目的实际能力延期
FR-24-008,占位,P10-02,not_started,,,,只做对应入口/说明页；此条目的实际能力延期
FR-24-009,占位,P10-02,not_started,,,,只做对应入口/说明页；此条目的实际能力延期
FR-24-010,占位,P10-02,not_started,,,,只做对应入口/说明页；此条目的实际能力延期
FR-24-011,占位,P10-02,not_started,,,,只做对应入口/说明页；此条目的实际能力延期
FR-24-012,占位,P10-02,not_started,,,,只做对应入口/说明页；此条目的实际能力延期
FR-24-013,占位,P10-02,not_started,,,,只做对应入口/说明页；此条目的实际能力延期
FR-24-014,占位,P10-02,not_started,,,,只做对应入口/说明页；此条目的实际能力延期
FR-24-015,占位,P10-02,not_started,,,,只做对应入口/说明页；此条目的实际能力延期
FR-24-016,占位,P10-02,not_started,,,,只做对应入口/说明页；此条目的实际能力延期
FR-24-017,占位,P10-02,not_started,,,,只做对应入口/说明页；此条目的实际能力延期
FR-24-018,占位,P10-02,not_started,,,,只做对应入口/说明页；此条目的实际能力延期
FR-24-019,占位,P10-02,not_started,,,,只做对应入口/说明页；此条目的实际能力延期
FR-24-020,占位,P10-02,not_started,,,,只做对应入口/说明页；此条目的实际能力延期
FR-24-021,占位,P10-02,not_started,,,,只做对应入口/说明页；此条目的实际能力延期
FR-24-022,占位,P10-02,not_started,,,,只做对应入口/说明页；此条目的实际能力延期
FR-24-023,占位,P10-02,not_started,,,,只做对应入口/说明页；此条目的实际能力延期
FR-24-024,占位,P10-02,not_started,,,,只做对应入口/说明页；此条目的实际能力延期
FR-24-025,占位,P10-02,not_started,,,,只做对应入口/说明页；此条目的实际能力延期
FR-25-001,占位,P10-02,not_started,,,,只做对应入口/说明页；此条目的实际能力延期
FR-25-002,占位,P10-02,not_started,,,,只做对应入口/说明页；此条目的实际能力延期
FR-25-003,占位,P10-02,not_started,,,,只做对应入口/说明页；此条目的实际能力延期
FR-25-004,占位,P10-02,not_started,,,,只做对应入口/说明页；此条目的实际能力延期
FR-25-005,占位,P10-02,not_started,,,,只做对应入口/说明页；此条目的实际能力延期
FR-25-006,占位,P10-02,not_started,,,,只做对应入口/说明页；此条目的实际能力延期
FR-25-007,占位,P10-02,not_started,,,,只做对应入口/说明页；此条目的实际能力延期
FR-25-008,占位,P10-02,not_started,,,,只做对应入口/说明页；此条目的实际能力延期
FR-25-009,占位,P10-02,not_started,,,,只做对应入口/说明页；此条目的实际能力延期
FR-25-010,占位,P10-02,not_started,,,,只做对应入口/说明页；此条目的实际能力延期
FR-25-011,占位,P10-02,not_started,,,,只做对应入口/说明页；此条目的实际能力延期
FR-26-001,占位,P10-02,not_started,,,,只做对应入口/说明页；此条目的实际能力延期
FR-26-002,占位,P10-02,not_started,,,,只做对应入口/说明页；此条目的实际能力延期
FR-26-003,占位,P10-02,not_started,,,,只做对应入口/说明页；此条目的实际能力延期
FR-26-004,占位,P10-02,not_started,,,,只做对应入口/说明页；此条目的实际能力延期
FR-26-005,占位,P10-02,not_started,,,,只做对应入口/说明页；此条目的实际能力延期
FR-26-006,占位,P10-02,not_started,,,,只做对应入口/说明页；此条目的实际能力延期
FR-26-007,占位,P10-02,not_started,,,,只做对应入口/说明页；此条目的实际能力延期
FR-26-008,占位,P10-02,not_started,,,,只做对应入口/说明页；此条目的实际能力延期
FR-26-009,占位,P10-02,not_started,,,,只做对应入口/说明页；此条目的实际能力延期
FR-26-010,占位,P10-02,not_started,,,,只做对应入口/说明页；此条目的实际能力延期
FR-26-011,占位,P10-02,not_started,,,,只做对应入口/说明页；此条目的实际能力延期
FR-26-012,占位,P10-02,not_started,,,,只做对应入口/说明页；此条目的实际能力延期
FR-26-013,占位,P10-02,not_started,,,,只做对应入口/说明页；此条目的实际能力延期
FR-26-014,占位,P10-02,not_started,,,,只做对应入口/说明页；此条目的实际能力延期
FR-26-015,占位,P10-02,not_started,,,,只做对应入口/说明页；此条目的实际能力延期
FR-26-016,占位,P10-02,not_started,,,,只做对应入口/说明页；此条目的实际能力延期
FR-26-017,占位,P10-02,not_started,,,,只做对应入口/说明页；此条目的实际能力延期
FR-26-018,占位,P10-02,not_started,,,,只做对应入口/说明页；此条目的实际能力延期
FR-26-019,占位,P10-02,not_started,,,,只做对应入口/说明页；此条目的实际能力延期
FR-26-020,占位,P10-02,not_started,,,,只做对应入口/说明页；此条目的实际能力延期
FR-26-021,占位,P10-02,not_started,,,,只做对应入口/说明页；此条目的实际能力延期
FR-26-022,占位,P10-02,not_started,,,,只做对应入口/说明页；此条目的实际能力延期
FR-26-023,占位,P10-02,not_started,,,,只做对应入口/说明页；此条目的实际能力延期
FR-26-024,占位,P10-02,not_started,,,,只做对应入口/说明页；此条目的实际能力延期
FR-26-025,占位,P10-02,not_started,,,,只做对应入口/说明页；此条目的实际能力延期
FR-26-026,占位,P10-02,not_started,,,,只做对应入口/说明页；此条目的实际能力延期
FR-26-027,占位,P10-02,not_started,,,,只做对应入口/说明页；此条目的实际能力延期
FR-26-028,占位,P10-02,not_started,,,,只做对应入口/说明页；此条目的实际能力延期
FR-27-001,部分实现,P06-03,not_started,,,,完成/失败/待输入通知纳入，定时提醒占位
FR-27-002,部分实现,P06-03,not_started,,,,本地文件/任务/用量通知；共享与产品账号事件延期
FR-27-003,部分实现,P06-03,not_started,,,,本地文件/任务/用量通知；共享与产品账号事件延期
FR-27-004,实现,P06-03,not_started,,,,按共享契约与任务详规验收
FR-27-005,实现,P06-03,not_started,,,,按共享契约与任务详规验收
FR-27-006,实现,P06-03,not_started,,,,按共享契约与任务详规验收
FR-27-007,实现,P06-03,not_started,,,,按共享契约与任务详规验收
FR-27-008,延期,—,deferred,,,,提醒/定时功能占位
FR-27-009,部分实现,P06-03,not_started,,,,站内/Windows通知纳入，邮件/移动推送延期
FR-27-010,实现,P06-03,not_started,,,,按共享契约与任务详规验收
FR-27-011,实现,P06-03,not_started,,,,按共享契约与任务详规验收
FR-28-001,调整实现,P05-02,not_started,,,,本地导出分享，保留预览与附件/来源选择，不生成公网URL
FR-28-002,调整实现,P05-02,not_started,,,,本地导出分享，保留预览与附件/来源选择，不生成公网URL
FR-28-003,调整实现,P05-02,not_started,,,,本地导出分享，保留预览与附件/来源选择，不生成公网URL
FR-28-004,部分实现,P05-02,not_started,,,,仅不可变本地快照；持续更新分享延期
FR-28-005,延期,—,deferred,,,,无在线链接与接收者权限控制，本地文件副本不能撤回
FR-28-006,延期,—,deferred,,,,无在线链接与接收者权限控制，本地文件副本不能撤回
FR-28-007,延期,—,deferred,,,,无在线链接与接收者权限控制，本地文件副本不能撤回
FR-28-008,延期,—,deferred,,,,无在线链接与接收者权限控制，本地文件副本不能撤回
FR-28-009,延期,—,deferred,,,,无在线链接与接收者权限控制，本地文件副本不能撤回
FR-28-010,调整实现,P10-03,not_started,,,,通过版本化导出包本地导入，不建立在线共享空间
FR-28-011,延期,—,deferred,,,,多人协作需要账号与服务端，当前本地单用户
FR-28-012,延期,—,deferred,,,,多人协作需要账号与服务端，当前本地单用户
FR-28-013,延期,—,deferred,,,,多人协作需要账号与服务端，当前本地单用户
FR-28-014,延期,—,deferred,,,,多人协作需要账号与服务端，当前本地单用户
FR-28-015,延期,—,deferred,,,,多人协作需要账号与服务端，当前本地单用户
FR-28-016,延期,—,deferred,,,,多人协作需要账号与服务端，当前本地单用户
FR-28-017,延期,—,deferred,,,,多人协作需要账号与服务端，当前本地单用户
FR-29-001,实现,P02-01,implemented_not_live_verified,P02-01.unit;P02-01.integration;P02-01.e2e;T01;T22,docs/evidence/P02-01/implementation-2026-10-05.md;docs/evidence/P02-01/results-2026-10-05.json;docs/evidence/P02-01/review-2026-10-05.md;docs/evidence/P02-01/review-results-2026-10-05.json,c9cd482+working-tree;apps/desktop/src/renderer/src/desktop-shell.tsx;apps/desktop/src/renderer/src/desktop-settings.tsx;packages/contracts/src/desktop.ts;packages/core/src/service.ts;P02-review:aebd898,头像/昵称/简介/称呼本地CAS保存；本任务本地已验证；真实模型验收继承P01；2026-10-05；2026-10-05复核：源码与记录一致；本轮定向unit10/10及integration4/4退出0；未重跑E2E或live；状态保持
FR-29-002,实现,P02-01,implemented_not_live_verified,P02-01.unit;P02-01.integration;P02-01.e2e;T01;T22,docs/evidence/P02-01/implementation-2026-10-05.md;docs/evidence/P02-01/results-2026-10-05.json;docs/evidence/P02-01/review-2026-10-05.md;docs/evidence/P02-01/review-results-2026-10-05.json,c9cd482+working-tree;apps/desktop/src/renderer/src/desktop-shell.tsx;apps/desktop/src/renderer/src/desktop-settings.tsx;packages/contracts/src/desktop.ts;packages/core/src/service.ts;P02-review:aebd898,职业/兴趣/常用语言保存；不发送私人字段；本任务本地已验证；真实模型验收继承P01；2026-10-05；2026-10-05复核：源码与记录一致；本轮定向unit10/10及integration4/4退出0；未重跑E2E或live；状态保持
FR-29-003,延期,—,deferred,,,,本地个人信息无公开页或产品账号联系方式
FR-29-004,延期,—,deferred,,,,本地个人信息无公开页或产品账号联系方式
FR-29-005,实现,P02-01,implemented_not_live_verified,P02-01.unit;P02-01.integration;P02-01.e2e;T01;T22,docs/evidence/P02-01/implementation-2026-10-05.md;docs/evidence/P02-01/results-2026-10-05.json;docs/evidence/P02-01/review-2026-10-05.md;docs/evidence/P02-01/review-results-2026-10-05.json,c9cd482+working-tree;apps/desktop/src/renderer/src/desktop-shell.tsx;apps/desktop/src/renderer/src/desktop-settings.tsx;packages/contracts/src/desktop.ts;packages/core/src/service.ts;P02-review:aebd898,复用P01回答偏好枚举；实际回答应用留P02-02；本任务本地已验证；真实模型验收继承P01；2026-10-05；2026-10-05复核：源码与记录一致；本轮定向unit10/10及integration4/4退出0；未重跑E2E或live；状态保持
FR-29-006,实现,P02-01,implemented_not_live_verified,P02-01.unit;P02-01.integration;P02-01.e2e;T01;T22,docs/evidence/P02-01/implementation-2026-10-05.md;docs/evidence/P02-01/results-2026-10-05.json;docs/evidence/P02-01/review-2026-10-05.md;docs/evidence/P02-01/review-results-2026-10-05.json,c9cd482+working-tree;apps/desktop/src/renderer/src/desktop-shell.tsx;apps/desktop/src/renderer/src/desktop-settings.tsx;packages/contracts/src/desktop.ts;packages/core/src/service.ts;P02-review:aebd898,长期指令本地保存；设置事件只revision不复制指令；本任务本地已验证；真实模型验收继承P01；2026-10-05；2026-10-05复核：源码与记录一致；本轮定向unit10/10及integration4/4退出0；未重跑E2E或live；状态保持
FR-29-007,实现,P02-01,implemented_not_live_verified,P02-01.unit;P02-01.integration;P02-01.e2e;T01;T22,docs/evidence/P02-01/implementation-2026-10-05.md;docs/evidence/P02-01/results-2026-10-05.json;docs/evidence/P02-01/review-2026-10-05.md;docs/evidence/P02-01/review-results-2026-10-05.json,c9cd482+working-tree;apps/desktop/src/renderer/src/desktop-shell.tsx;apps/desktop/src/renderer/src/desktop-settings.tsx;packages/contracts/src/desktop.ts;packages/core/src/service.ts;P02-review:aebd898,聊天/工作各自默认偏好；发送应用留后续；本任务本地已验证；真实模型验收继承P01；2026-10-05；2026-10-05复核：源码与记录一致；本轮定向unit10/10及integration4/4退出0；未重跑E2E或live；状态保持
FR-29-008,部分实现,P04-03,not_started,,,,profile/project范围实现；自定义智能体范围延期
FR-29-009,实现,P02-01,implemented_not_live_verified,P02-01.unit;P02-01.integration;P02-01.e2e;T01;T22,docs/evidence/P02-01/implementation-2026-10-05.md;docs/evidence/P02-01/results-2026-10-05.json;docs/evidence/P02-01/review-2026-10-05.md;docs/evidence/P02-01/review-results-2026-10-05.json,c9cd482+working-tree;apps/desktop/src/renderer/src/desktop-shell.tsx;apps/desktop/src/renderer/src/desktop-settings.tsx;packages/contracts/src/desktop.ts;packages/core/src/service.ts;P02-review:aebd898,关闭保留保存值；恢复默认明确写入；本任务本地已验证；真实模型验收继承P01；2026-10-05；2026-10-05复核：源码与记录一致；本轮定向unit10/10及integration4/4退出0；未重跑E2E或live；状态保持
FR-29-010,实现,P04-03,not_started,,,,按共享契约与任务详规验收
FR-29-011,实现,P04-03,not_started,,,,按共享契约与任务详规验收
FR-29-012,实现,P04-03,not_started,,,,按共享契约与任务详规验收
FR-29-013,实现,P04-03,not_started,,,,按共享契约与任务详规验收
FR-29-014,部分实现,P04-03,not_started,,,,profile/project范围实现；自定义智能体范围延期
FR-29-015,实现,P04-03,not_started,,,,按共享契约与任务详规验收
FR-29-016,实现,P04-03,not_started,,,,按共享契约与任务详规验收
FR-29-017,实现,P04-03,not_started,,,,按共享契约与任务详规验收
FR-29-018,实现,P04-03,not_started,,,,按共享契约与任务详规验收
FR-30-001,实现,P10-02,not_started,,,,按共享契约与任务详规验收
FR-30-002,实现,P10-02,not_started,,,,按共享契约与任务详规验收
FR-30-003,实现,P10-02,not_started,,,,按共享契约与任务详规验收
FR-30-004,实现,P10-02,not_started,,,,按共享契约与任务详规验收
FR-30-005,延期,—,deferred,,,,语音媒体设置随G延期
FR-30-006,实现,P10-02,not_started,,,,按共享契约与任务详规验收
FR-30-007,实现,P10-02,not_started,,,,按共享契约与任务详规验收
FR-30-008,实现,P10-02,not_started,,,,按共享契约与任务详规验收
FR-30-009,部分实现,P10-02,not_started,,,,只管理当前已实现的文件/通知/网络能力，媒体/屏幕权限隐藏
FR-30-010,实现,P10-02,not_started,,,,按共享契约与任务详规验收
FR-30-011,实现,P10-02,not_started,,,,按共享契约与任务详规验收
FR-31-001,实现,P06-02,not_started,,,,按共享契约与任务详规验收
FR-31-002,实现,P06-02,not_started,,,,按共享契约与任务详规验收
FR-31-003,部分实现,P06-02,not_started,,,,实现已支持写入动作的预览与审批；购买、网站发布等延期
FR-31-004,实现,P06-02,not_started,,,,按共享契约与任务详规验收
FR-31-005,实现,P06-02,not_started,,,,按共享契约与任务详规验收
FR-31-006,实现,P06-02,not_started,,,,按共享契约与任务详规验收
FR-31-007,部分实现,P06-02,not_started,,,,撤权影响当前运行任务；定时任务只占位
FR-31-008,实现,P10-03,not_started,,,,按共享契约与任务详规验收
FR-31-009,实现,P10-03,not_started,,,,按共享契约与任务详规验收
FR-31-010,实现,P10-03,not_started,,,,按共享契约与任务详规验收
FR-31-011,实现,P10-03,not_started,,,,按共享契约与任务详规验收
FR-31-012,调整实现,P10-03,not_started,,,,无产品账号，改为清理本地资料/断开模型账号
FR-31-013,调整实现,P10-02,not_started,,,,显示已实现模型/搜索渠道的数据去向；应用插件部分只占位
FR-31-014,延期,—,deferred,,,,无产品账号；模型凭据安全由P00-02/P01承担，不实现账号安全系统
FR-31-015,延期,—,deferred,,,,无产品账号；模型凭据安全由P00-02/P01承担，不实现账号安全系统
FR-31-016,延期,—,deferred,,,,无产品账号；模型凭据安全由P00-02/P01承担，不实现账号安全系统
FR-31-017,延期,—,deferred,,,,无产品账号；模型凭据安全由P00-02/P01承担，不实现账号安全系统
FR-31-018,延期,—,deferred,,,,无产品账号；模型凭据安全由P00-02/P01承担，不实现账号安全系统
FR-32-001,延期,—,deferred,,,,暂不商业化，无账单/支付/套餐系统
FR-32-002,延期,—,deferred,,,,暂不商业化，无账单/支付/套餐系统
FR-32-003,延期,—,deferred,,,,暂不商业化，无账单/支付/套餐系统
FR-32-004,调整实现,P01-03,implemented_not_live_verified,P01-03 unit12/integration12/e2e2;T03/T04,docs/evidence/P01-03/results.json;docs/evidence/P01-02/zhipu-fix/P01-review-2026-10-04.md;docs/evidence/P01-02/zhipu-fix/handoff-2026-10-04.md;docs/evidence/P01-02/P01-review-2026-10-05.md,715d55a+working-tree;sourceSha256,仅模型API/订阅真实可取得的用量；无应用套餐；本地工程完成;R01完整live及R02-R05/R13/R14待验收;价格/供应商余额未知;不启用P00失败执行能力;按用户要求同次本地提交;未push；P01最新复核：R01/R13/R14已配置基础probe通过但完整live待补；R02-R05待资源；API工程尾项未完成故阶段failed；2026-10-04 20:30用户要求后续测试移交其他开发者且不在其本机继续；Chat完整live撤回未运行；交接已更新；本次仅文档无测试/调用；恢复开发及交接改动未提交推送；P01-gate failed，旧步骤仅历史；2026-10-04 20:35用户授权将最新实现/测试/进度/交接提交推送origin同名分支；此前未提交为历史；验收状态不提升且不续本机测试；2026-10-05远程分支复核aebd898：本地已实现；真实usage与原账本待验；价格entries为空且金额限额禁用；本次仅静态复核
FR-32-005,调整实现,P01-03,implemented_not_live_verified,P01-03 unit12/integration12/e2e2;T03/T04,docs/evidence/P01-03/results.json;docs/evidence/P01-02/zhipu-fix/P01-review-2026-10-04.md;docs/evidence/P01-02/zhipu-fix/handoff-2026-10-04.md;docs/evidence/P01-02/P01-review-2026-10-05.md,715d55a+working-tree;sourceSha256,仅模型API/订阅真实可取得的用量；无应用套餐；本地工程完成;R01完整live及R02-R05/R13/R14待验收;价格/供应商余额未知;不启用P00失败执行能力;按用户要求同次本地提交;未push；P01最新复核：R01/R13/R14已配置基础probe通过但完整live待补；R02-R05待资源；API工程尾项未完成故阶段failed；2026-10-04 20:30用户要求后续测试移交其他开发者且不在其本机继续；Chat完整live撤回未运行；交接已更新；本次仅文档无测试/调用；恢复开发及交接改动未提交推送；P01-gate failed，旧步骤仅历史；2026-10-04 20:35用户授权将最新实现/测试/进度/交接提交推送origin同名分支；此前未提交为历史；验收状态不提升且不续本机测试；2026-10-05远程分支复核aebd898：本地已实现；真实usage与原账本待验；价格entries为空且金额限额禁用；本次仅静态复核
FR-32-006,调整实现,P01-03,implemented_not_live_verified,P01-03 unit12/integration12/e2e2;T03/T04,docs/evidence/P01-03/results.json;docs/evidence/P01-02/zhipu-fix/P01-review-2026-10-04.md;docs/evidence/P01-02/zhipu-fix/handoff-2026-10-04.md;docs/evidence/P01-02/P01-review-2026-10-05.md,715d55a+working-tree;sourceSha256,仅模型API/订阅真实可取得的用量；无应用套餐；本地工程完成;R01完整live及R02-R05/R13/R14待验收;价格/供应商余额未知;不启用P00失败执行能力;按用户要求同次本地提交;未push；P01最新复核：R01/R13/R14已配置基础probe通过但完整live待补；R02-R05待资源；API工程尾项未完成故阶段failed；2026-10-04 20:30用户要求后续测试移交其他开发者且不在其本机继续；Chat完整live撤回未运行；交接已更新；本次仅文档无测试/调用；恢复开发及交接改动未提交推送；P01-gate failed，旧步骤仅历史；2026-10-04 20:35用户授权将最新实现/测试/进度/交接提交推送origin同名分支；此前未提交为历史；验收状态不提升且不续本机测试；2026-10-05远程分支复核aebd898：本地已实现；真实usage与原账本待验；价格entries为空且金额限额禁用；本次仅静态复核
FR-32-007,调整实现,P01-03,implemented_not_live_verified,P01-03 unit12/integration12/e2e2;T03/T04,docs/evidence/P01-03/results.json;docs/evidence/P01-02/zhipu-fix/P01-review-2026-10-04.md;docs/evidence/P01-02/zhipu-fix/handoff-2026-10-04.md;docs/evidence/P01-02/P01-review-2026-10-05.md,715d55a+working-tree;sourceSha256,仅模型API/订阅真实可取得的用量；无应用套餐；本地工程完成;R01完整live及R02-R05/R13/R14待验收;价格/供应商余额未知;不启用P00失败执行能力;按用户要求同次本地提交;未push；P01最新复核：R01/R13/R14已配置基础probe通过但完整live待补；R02-R05待资源；API工程尾项未完成故阶段failed；2026-10-04 20:30用户要求后续测试移交其他开发者且不在其本机继续；Chat完整live撤回未运行；交接已更新；本次仅文档无测试/调用；恢复开发及交接改动未提交推送；P01-gate failed，旧步骤仅历史；2026-10-04 20:35用户授权将最新实现/测试/进度/交接提交推送origin同名分支；此前未提交为历史；验收状态不提升且不续本机测试；2026-10-05远程分支复核aebd898：本地已实现；真实usage与原账本待验；价格entries为空且金额限额禁用；本次仅静态复核
FR-32-008,部分实现,P01-03,implemented_not_live_verified,P01-03 unit12/integration12/e2e2;T03/T04,docs/evidence/P01-03/results.json;docs/evidence/P01-02/zhipu-fix/P01-review-2026-10-04.md;docs/evidence/P01-02/zhipu-fix/handoff-2026-10-04.md;docs/evidence/P01-02/P01-review-2026-10-05.md,715d55a+working-tree;sourceSha256,实现预算/已知计价提示；自动充值和应用收款延期；本地工程完成;R01完整live及R02-R05/R13/R14待验收;价格/供应商余额未知;不启用P00失败执行能力;按用户要求同次本地提交;未push；P01最新复核：R01/R13/R14已配置基础probe通过但完整live待补；R02-R05待资源；API工程尾项未完成故阶段failed；2026-10-04 20:30用户要求后续测试移交其他开发者且不在其本机继续；Chat完整live撤回未运行；交接已更新；本次仅文档无测试/调用；恢复开发及交接改动未提交推送；P01-gate failed，旧步骤仅历史；2026-10-04 20:35用户授权将最新实现/测试/进度/交接提交推送origin同名分支；此前未提交为历史；验收状态不提升且不续本机测试；2026-10-05远程分支复核aebd898：本地已实现；真实usage与原账本待验；价格entries为空且金额限额禁用；本次仅静态复核
FR-32-009,部分实现,P01-03,implemented_not_live_verified,P01-03 unit12/integration12/e2e2;T03/T04,docs/evidence/P01-03/results.json;docs/evidence/P01-02/zhipu-fix/P01-review-2026-10-04.md;docs/evidence/P01-02/zhipu-fix/handoff-2026-10-04.md;docs/evidence/P01-02/P01-review-2026-10-05.md,715d55a+working-tree;sourceSha256,实现预算/已知计价提示；自动充值和应用收款延期；本地工程完成;R01完整live及R02-R05/R13/R14待验收;价格/供应商余额未知;不启用P00失败执行能力;按用户要求同次本地提交;未push；P01最新复核：R01/R13/R14已配置基础probe通过但完整live待补；R02-R05待资源；API工程尾项未完成故阶段failed；2026-10-04 20:30用户要求后续测试移交其他开发者且不在其本机继续；Chat完整live撤回未运行；交接已更新；本次仅文档无测试/调用；恢复开发及交接改动未提交推送；P01-gate failed，旧步骤仅历史；2026-10-04 20:35用户授权将最新实现/测试/进度/交接提交推送origin同名分支；此前未提交为历史；验收状态不提升且不续本机测试；2026-10-05远程分支复核aebd898：本地已实现；真实usage与原账本待验；价格entries为空且金额限额禁用；本次仅静态复核
FR-32-010,延期,—,deferred,,,,暂不商业化，无账单/支付/套餐系统
FR-32-011,延期,—,deferred,,,,暂不商业化，无账单/支付/套餐系统
FR-32-012,延期,—,deferred,,,,暂不商业化，无账单/支付/套餐系统
FR-32-013,延期,—,deferred,,,,暂不商业化，无账单/支付/套餐系统
FR-33-001,延期,—,deferred,,,,多端同步/手机/远程设备不纳入无服务器Windows版
FR-33-002,延期,—,deferred,,,,多端同步/手机/远程设备不纳入无服务器Windows版
FR-33-003,延期,—,deferred,,,,多端同步/手机/远程设备不纳入无服务器Windows版
FR-33-004,调整实现,P10-02,not_started,,,,首版仅Windows，按available/placeholder/hidden显示
FR-33-005,延期,—,deferred,,,,多端同步/手机/远程设备不纳入无服务器Windows版
FR-33-006,延期,—,deferred,,,,多端同步/手机/远程设备不纳入无服务器Windows版
FR-33-007,实现,P10-02,not_started,,,,Windows快速输入窗口，见交互补充
FR-33-008,部分实现,P03-01,in_progress,P03-01.audit,docs/evidence/P03-01/dependency-preflight-2026-10-05.json;docs/evidence/P03-01/checkpoint-2026-10-06.json;docs/evidence/P03-01/repository-2026-10-06.json;docs/evidence/P03-01/parser-checkpoint-2026-10-06.json;docs/evidence/P03-01/office-parser-checkpoint-2026-10-06.json;docs/evidence/P03-01/pdf-parser-checkpoint-2026-10-06.json;docs/evidence/P03-01/native-parser-failure-2026-10-06.json;docs/evidence/P03-01/storage-checkpoint-2026-10-06.json;docs/evidence/P03-01/requirements-audit-2026-10-09.md;docs/evidence/P03-01/resume-validation-2026-10-09.json;docs/evidence/P03-01/public-snapshot-preparation-2026-10-09.json,47db847+working-tree:ADR0039/0040,拖入文件/关联目录纳入；截图属屏幕能力延期；2026-10-05用户授权P03，前置门禁已核验；业务尚未验收；schema8/契约unit230及相关integration36通过；业务未验收；原生依赖因当前标准用户失败关闭；文件仓库基础里程碑unit230/相关integration45/check=0；Host/实际解析/UI待实现；状态in_progress；受限文本/ZIP handler注册；unit242/integration50/check/build=0；新P03原生/Office/PDF/Host/UI待验；保持in_progress；bcedfd7已push；最新PR Check因INDEX格式失败待修正和复验；只读OOXML及真实native验收代码已实现；unit251/相关integration16/check/build=0；真实native待CI及PDF/image/Host/UI待完成；PDF页/矩形worker及固定资源实现；unit255/integration19/check/build=0；旧OOXML CI集成失败待日志修复；native仍未验收；旧CI仅P03原生3项失败待精确诊断；P00标准22/22及六轮Office通过；仓库清预览/去重占用/备份保留已实现unit255/integration56/check=0；Host/UI未接入;2026-10-09接续最终审计：真实拖入/文件夹选择的部分范围已验；截图/屏幕功能延期；本地unit44/integration148/Electron17通过，R15/native未收口，任务状态不提升;2026-10-09独立公开副本本地准备；新CI未运行；R15 pending；任务状态不提升
FR-33-009,延期,—,deferred,,,,多端同步/手机/远程设备不纳入无服务器Windows版
FR-33-010,部分实现,P02-02,implemented_not_live_verified,P02-02.unit;P02-02.integration;P02-02.e2e;T02;T05;T13;T19,docs/evidence/P02-02/implementation-2026-10-05.md;docs/evidence/P02-02/results-2026-10-05.json,aebd898+working-tree;packages/contracts/src/chat.ts;packages/core/src/chat-service.ts;packages/tools/src/read-gateway.ts;apps/desktop/src/renderer/src/chat-surface.tsx;packages/ui/src/chat-markdown.tsx;migrations/0006_chat.sql,部分范围：断线草稿及确认正文保留；稳定ID重试；无云同步或原请求重放；本地规定检查通过；live继承P01/R01/R13/R14待验；2026-10-05
FR-33-011,实现,P10-02,not_started,,,,按共享契约与任务详规验收
FR-33-012,实现,P10-02,not_started,,,,按共享契约与任务详规验收
FR-33-013,实现,P10-02,not_started,,,,按共享契约与任务详规验收
FR-33-014,实现,P10-02,not_started,,,,按共享契约与任务详规验收
FR-33-015,实现,P10-02,not_started,,,,按共享契约与任务详规验收
FR-33-016,延期,—,deferred,,,,随G媒体能力延期
FR-34-001,延期,—,deferred,,,,当前不建服务器/产品账号，团队空间不纳入
FR-34-002,延期,—,deferred,,,,当前不建服务器/产品账号，团队空间不纳入
FR-34-003,延期,—,deferred,,,,当前不建服务器/产品账号，团队空间不纳入
FR-34-004,延期,—,deferred,,,,当前不建服务器/产品账号，团队空间不纳入
FR-34-005,延期,—,deferred,,,,当前不建服务器/产品账号，团队空间不纳入
FR-34-006,延期,—,deferred,,,,当前不建服务器/产品账号，团队空间不纳入
FR-34-007,延期,—,deferred,,,,当前不建服务器/产品账号，团队空间不纳入
FR-34-008,延期,—,deferred,,,,当前不建服务器/产品账号，团队空间不纳入
FR-34-009,延期,—,deferred,,,,当前不建服务器/产品账号，团队空间不纳入
FR-34-010,延期,—,deferred,,,,当前不建服务器/产品账号，团队空间不纳入
FR-34-011,延期,—,deferred,,,,当前不建服务器/产品账号，团队空间不纳入
FR-34-012,延期,—,deferred,,,,当前不建服务器/产品账号，团队空间不纳入
FR-34-013,延期,—,deferred,,,,当前不建服务器/产品账号，团队空间不纳入
FR-35-001,延期,—,deferred,,,,用户明确低优先级，本手册不设计实现方案
FR-35-002,延期,—,deferred,,,,用户明确低优先级，本手册不设计实现方案
FR-35-003,延期,—,deferred,,,,用户明确低优先级，本手册不设计实现方案
FR-35-004,延期,—,deferred,,,,用户明确低优先级，本手册不设计实现方案
FR-35-005,延期,—,deferred,,,,用户明确低优先级，本手册不设计实现方案
FR-35-006,延期,—,deferred,,,,用户明确低优先级，本手册不设计实现方案
FR-35-007,延期,—,deferred,,,,用户明确低优先级，本手册不设计实现方案
FR-35-008,延期,—,deferred,,,,用户明确低优先级，本手册不设计实现方案
FR-35-009,延期,—,deferred,,,,用户明确低优先级，本手册不设计实现方案
FR-36-001,实现,P10-02,not_started,,,,按共享契约与任务详规验收
FR-36-002,实现,P10-02,not_started,,,,按共享契约与任务详规验收
FR-36-003,实现,P10-02,not_started,,,,按共享契约与任务详规验收
FR-36-004,实现,P10-02,not_started,,,,按共享契约与任务详规验收
FR-36-005,实现,P10-02,not_started,,,,按共享契约与任务详规验收
FR-36-006,调整实现,P10-02,not_started,,,,用户可访问GitHub Issue跟进，应用不运营客服后台
FR-36-007,调整实现,P10-02,not_started,,,,本地连接健康与供应商官方状态外链，无自建服务状态后台
FR-36-008,实现,P10-02,not_started,,,,按共享契约与任务详规验收
FR-36-009,实现,P10-02,not_started,,,,按共享契约与任务详规验收
FR-36-010,实现,P10-02,not_started,,,,按共享契约与任务详规验收
FR-36-011,实现,P06-03,not_started,,,,结构化错误和恢复动作
FR-36-012,部分实现,P10-03,not_started,,,,删除/覆盖有影响预览；已发出的本地分享副本不可撤销
FR-36-013,实现,P10-02,not_started,,,,按共享契约与任务详规验收
FR-36-014,部分实现,P10-02,not_started,,,,已实现的文件/模型/来源可替换，插件目录占位
FR-36-015,实现,P10-02,not_started,,,,按共享契约与任务详规验收
FR-36-016,调整实现,P10-03,not_started,,,,本地导入/恢复与多窗口冲突保留副本，无云同步
FR-36-017,实现,P10-02,not_started,,,,按共享契约与任务详规验收
FR-37-001,调整实现,P05-03,not_started,,,,改为首次连接模型，无产品注册登录
FR-37-002,实现,P11-01,not_started,,,,加入端到端路径
FR-37-003,实现,P11-01,not_started,,,,加入端到端路径
FR-37-004,实现,P11-01,not_started,,,,加入端到端路径
FR-37-005,实现,P11-01,not_started,,,,加入端到端路径
FR-37-006,占位,P10-02,not_started,,,,对应流程底层延期，只验占位状态
FR-37-007,占位,P10-02,not_started,,,,对应流程底层延期，只验占位状态
FR-37-008,占位,P10-02,not_started,,,,对应流程底层延期，只验占位状态
FR-37-009,调整实现,P05-02,not_started,,,,本地分享副本，不支持撤销收件人副本
FR-37-010,实现,P11-01,not_started,,,,加入端到端路径
FR-37-011,调整实现,P01-03,implemented_not_live_verified,P01-03 unit12/integration12/e2e2;T03/T04,docs/evidence/P01-03/results.json;docs/evidence/P01-02/zhipu-fix/P01-review-2026-10-04.md;docs/evidence/P01-02/zhipu-fix/handoff-2026-10-04.md;docs/evidence/P01-02/P01-review-2026-10-05.md,715d55a+working-tree;sourceSha256,切换已配置API/查看供应商额度，不购买本产品套餐；本地工程完成;R01完整live及R02-R05/R13/R14待验收;价格/供应商余额未知;不启用P00失败执行能力;按用户要求同次本地提交;未push；P01最新复核：R01/R13/R14已配置基础probe通过但完整live待补；R02-R05待资源；API工程尾项未完成故阶段failed；2026-10-04 20:30用户要求后续测试移交其他开发者且不在其本机继续；Chat完整live撤回未运行；交接已更新；本次仅文档无测试/调用；恢复开发及交接改动未提交推送；P01-gate failed，旧步骤仅历史；2026-10-04 20:35用户授权将最新实现/测试/进度/交接提交推送origin同名分支；此前未提交为历史；验收状态不提升且不续本机测试；2026-10-05远程分支复核aebd898：本地已实现；真实usage与原账本待验；价格entries为空且金额限额禁用；本次仅静态复核
FR-37-012,调整实现,P10-03,not_started,,,,清理本地数据，不注销产品账号
FR-01-T01,实现,P02-01,implemented_not_live_verified,P02-01.unit;P02-01.integration;P02-01.e2e;T01;T22,docs/evidence/P02-01/implementation-2026-10-05.md;docs/evidence/P02-01/results-2026-10-05.json;docs/evidence/P02-01/review-2026-10-05.md;docs/evidence/P02-01/review-results-2026-10-05.json,c9cd482+working-tree;apps/desktop/src/renderer/src/desktop-shell.tsx;apps/desktop/src/renderer/src/desktop-settings.tsx;packages/contracts/src/desktop.ts;packages/core/src/service.ts;P02-review:aebd898,侧栏/中央区/右抽屉/账户设置；窗口路由滚动恢复；1200/960/200%键盘验证；本任务本地已验证；真实模型验收继承P01；2026-10-05；2026-10-05复核：源码与记录一致；本轮定向unit10/10及integration4/4退出0；未重跑E2E或live；状态保持
FR-15-T01,实现,P03-02,not_started,,,,表格需求拆解，按所列任务落实
FR-15-T02,实现,P03-02,not_started,,,,表格需求拆解，按所列任务落实
FR-15-T03,实现,P03-02,not_started,,,,表格需求拆解，按所列任务落实
FR-15-T04,实现,P03-02,not_started,,,,表格需求拆解，按所列任务落实
FR-15-T05,实现,P03-02,not_started,,,,表格需求拆解，按所列任务落实
FR-15-T06,实现,P03-02,not_started,,,,表格需求拆解，按所列任务落实
FR-15-T07,延期,—,deferred,,,,媒体随G延期
FR-15-T08,实现,P09-04,not_started,,,,表格需求拆解，按所列任务落实
ENG-P00-01-INIT,首次启动与工作区保护,P00-01,implemented_and_verified,P00-01-init,docs/evidence/P00-01/source-manifest.json,commit:b5f60e92afcee559c468dd1e3e4971d83e8880f7,缺失文件初始化；原 specs 保留；工程支撑 FR-02/30/33/36，业务状态不变
ENG-P00-01-LOCK,精确依赖与运行时锁,P00-01,implemented_and_verified,P00-01-lock,docs/evidence/P00-01/runtime-probes.json;docs/evidence/P00-01/final-check.log;docs/evidence/P00-02/main-ci-repair.md;docs/evidence/P00-02/main-ci54.json,commit:b5f60e92afcee559c468dd1e3e4971d83e8880f7;commit:7214ae0c5ca54ec87e0b6b14729424f84f9ac9f2,官方 URL/hash/license；SQLite Node-API 校验；2026-10-02 CI54代码7214ae0全success：unit31/31含下载14项及46/8/22回归；冷缓存504后同hash备用完成且新runner缓存命中；CI49超时未复现根因未确认
ENG-P00-01-SHELL,中文空壳及进程原生兼容,P00-01,implemented_and_verified,T01;P00-01-ABI;P00-01-shutdown,docs/evidence/P00-01/final-e2e.log;docs/evidence/P00-01/PRIVATE_VISUAL_ARCHIVE.md;docs/evidence/P00-01/local-startup-results.json;docs/evidence/P00-01/cherry-pick-results.json;docs/evidence/P02-03/ci-repair-2026-10-05/summary.md,commit:b5f60e92afcee559c468dd1e3e4971d83e8880f7;source-manifest:docs/evidence/P00-01/local-startup-results.json;docs/evidence/P00-01/cherry-pick-results.json,真实 Electron/Core/SQLite FTS5；不是业务聊天完成；2026-10-03真实cmd/dev同profile两轮启动退出及Renderer/providers/tools热更新验证；未更改安全策略；完整build与原生能力门禁保留;当前分支cherry-pick复验build-desktop/check/Electron1/test-dev两轮退出0；2026-10-05修复P02交付后过期的P00桥接白名单/高版本库fixture；新构建先复现2失败后Electron8/8及unit22/22和integration24/24退出0；本轮远程CI待复验
ENG-P00-01-CHECK,严格边界与基础测试,P00-01,implemented_and_verified,P00-01-unit;P00-01-integration,docs/evidence/P00-01/final-unit.log;docs/evidence/P00-01/final-integration.log;docs/evidence/P00-02/main-ci-repair.md;docs/evidence/P00-02/main-ci54.json;docs/evidence/P02-03/ci-repair-2026-10-05/summary.md,commit:b5f60e92afcee559c468dd1e3e4971d83e8880f7;commit:7214ae0c5ca54ec87e0b6b14729424f84f9ac9f2,unit 4/4；integration 5/5；无 live 结果；CI 换行修复证据 docs/evidence/P00-02/ci-line-endings.json；2026-10-02 CI54代码7214ae0全success：unit31/31含下载14项及46/8/22回归；冷缓存504后同hash备用完成且新runner缓存命中；CI49超时未复现根因未确认；2026-10-05修复P02交付后过期的P00桥接白名单/高版本库fixture；新构建先复现2失败后Electron8/8及unit22/22和integration24/24退出0；本轮远程CI待复验
ENG-P00-01-REPRO,中文路径及删依赖重建,P00-01,implemented_and_verified,P00-01-repro,docs/evidence/P00-01/repro-results.json;docs/evidence/P00-01/repro-final-source.log;docs/evidence/P00-01/local-startup-results.json;docs/evidence/P00-01/cherry-pick-results.json,commit:b5f60e92afcee559c468dd1e3e4971d83e8880f7;source-manifest:docs/evidence/P00-01/local-startup-results.json;docs/evidence/P00-01/cherry-pick-results.json,新目录及删 node_modules 重建；profile 为模拟路径；2026-10-03真实cmd/dev同profile两轮启动退出及Renderer/providers/tools热更新验证；未更改安全策略；完整build与原生能力门禁保留;当前分支cherry-pick复验build-desktop/check/Electron1/test-dev两轮退出0
ENG-P00-02-STORAGE,单写SQLite迁移和恢复,P00-02,implemented_and_verified,T01;T20,docs/evidence/P00-02/final-integration.log;docs/evidence/P00-02/main-ci-repair.md;docs/evidence/P00-02/main-ci54.json;docs/evidence/P02-03/ci-repair-2026-10-05/summary.md,commit:5d09cf19e75a1f77c78764c9ff159ff8fc9174c7;commit:7214ae0c5ca54ec87e0b6b14729424f84f9ac9f2,基础能力；不代表后续业务界面或原生隔离完成；2026-10-02 CI54代码7214ae0全success：unit31/31含下载14项及46/8/22回归；冷缓存504后同hash备用完成且新runner缓存命中；CI49超时未复现根因未确认；2026-10-05修复P02交付后过期的P00桥接白名单/高版本库fixture；新构建先复现2失败后Electron8/8及unit22/22和integration24/24退出0；本轮远程CI待复验
ENG-P00-02-IPC,受控IPC幂等CAS和事件,P00-02,implemented_and_verified,T05;T19,docs/evidence/P00-02/final-unit.log;docs/evidence/P00-02/final-e2e.log;docs/evidence/P02-03/ci-repair-2026-10-05/summary.md,commit:5d09cf19e75a1f77c78764c9ff159ff8fc9174c7,基础能力；不代表后续业务界面或原生隔离完成；2026-10-05修复P02交付后过期的P00桥接白名单/高版本库fixture；新构建先复现2失败后Electron8/8及unit22/22和integration24/24退出0；本轮远程CI待复验
ENG-P00-02-VAULT,Host凭据加密和脱敏,P00-02,implemented_and_verified,T19,docs/evidence/P00-02/final-e2e.log;docs/evidence/P00-02/main-ci-repair.md;docs/evidence/P00-02/main-ci54.json,commit:5d09cf19e75a1f77c78764c9ff159ff8fc9174c7;commit:7214ae0c5ca54ec87e0b6b14729424f84f9ac9f2,基础能力；不代表后续业务界面或原生隔离完成；2026-10-02 CI54代码7214ae0全success：unit31/31含下载14项及46/8/22回归；冷缓存504后同hash备用完成且新runner缓存命中；CI49超时未复现根因未确认
ENG-P00-02-JOBS,租约取消及崩溃恢复,P00-02,implemented_and_verified,T05,docs/evidence/P00-02/final-integration.log,commit:5d09cf19e75a1f77c78764c9ff159ff8fc9174c7,基础能力；不代表后续业务界面或原生隔离完成
ENG-P00-02-BLOBS,blob备份GC及墓碑,P00-02,implemented_and_verified,T20,docs/evidence/P00-02/final-integration.log,commit:5d09cf19e75a1f77c78764c9ff159ff8fc9174c7,基础能力；不代表后续业务界面或原生隔离完成
ENG-P00-02-HOST,单实例多窗口与安全退出,P00-02,implemented_and_verified,T01;T05,docs/evidence/P00-02/final-e2e.log,commit:5d09cf19e75a1f77c78764c9ff159ff8fc9174c7,基础能力；不代表后续业务界面或原生隔离完成
ENG-P00-03-HELPER,Windows原生隔离诊断执行器,P00-03,implemented_and_verified,T08;T19,docs/evidence/P00-03/ci-run46.json;docs/evidence/P00-03/office-render/render-report.json;docs/evidence/P00-03/office-security-plan.md;docs/progress/P00-gate.md;docs/evidence/P00-03/repair-summary.md;docs/evidence/P00-03/history.md;docs/evidence/P00-02/main-ci54.json;docs/evidence/P00-03/ci-run55.json;docs/evidence/P00-03/office-link-ci-diagnosis.md;docs/evidence/P03-01/dependency-preflight-2026-10-05.json;docs/evidence/P03-01/checkpoint-2026-10-06.json;docs/evidence/P03-01/macro-control-repair-2026-10-06.json,commit:b901ef7ec788bcfcec772adcfc564974ab64f32b;native/windows-helper/src/sandbox.rs;tests/integration/P00-03.sandbox.test.ts;commit:cc3d60f9691455ab62e5200273e0a813a45797cc;21d3924,独立AppContainer/ACL/Job/零网络；路径和DACL攻击拒绝；子进程/取消/资源限制/并发/硬杀恢复均在管理员及独立标准用户真实通过；2026-10-02修复摘要与过程整理完成；清理523个本地临时目标；状态及代码验收不变；2026-10-02诊断分支7214ae0的CI54回归：管理员46/46及标准用户22/22通过；原隔离语义未改；CI55管理员Office外链启用对照销毁后未退出；45/46失败重新接续；标准用户22/22通过不覆盖该失败；CI56仅加诊断且尚未最终完成；根因未确认；接续原check内三轮外链定向采样且任一失败不得通过；最新用户定向日志2通过1失败且启用对照PDF为0；仅测试侧同步刷新及导出前标记检查候选修复；本地check及unit31/31通过；真实CI及旧退出问题待验证；状态不提升；2026-10-05核对eedec5d已推送且为当前分支祖先；最新CI结果未核实；状态保持；2026-10-05 P03前置复核：origin/main cc3d60f9691455ab62e5200273e0a813a45797cc的CI37320656771完整通过，管理员unit227/integration155、P00 Electron8、独立标准用户无missing、三轮Office及启动诊断全部成功；核对其生产源码与e3d5d1f一致。旧Office回归已复验收口，P00-03=implemented_and_verified、P00-gate=passed；本机unsigned helper应用控制仍拒绝，不复制远程报告开启本机能力。证据：docs/evidence/P03-01/dependency-preflight-2026-10-05.json。；2026-10-06 当前复验：P03首提交c39446b已push并建Draft PR#6；同提交push CI37324723679成功，但PR CI37324850125标准用户21/22，唯一宏阻断启用对照失败，其余步骤/Office三轮/startup通过。详细失败待归档报告核查，不能用成功轮覆盖失败。P00-03=in_progress、P00-gate=failed重新接续；本机安全策略未改。证据docs/evidence/P03-01/checkpoint-2026-10-06.json。；2026-10-06 PR CI37324850125详细归档确认：默认禁宏通过，启用对照正常exit0/activeProcesses0，但PDF仍TK_MACRO_BLOCKED。测试侧候选改UNO主循环及MacroExecutionMode=4，保留生产禁宏/Job/无网络及原限时；三轮诊断覆盖macro和links，原完整管理员/标准用户用例仍执行。两模式生成Python仅语法、PowerShell AST、node --check、TypeScript和pnpm check退出0，真实候选效果待新CI。证据docs/evidence/P03-01/macro-control-repair-2026-10-06.json。；d4fd451两轮宏对照失败；测试Hidden/OnLoad候选待新CI；门禁仍failed；21d3924两轮完整CI+标准用户22+宏与links三轮通过；本机能力仍失败关闭
ENG-P00-03-RUNTIME,Node Python Git Office受限兼容,P00-03,implemented_and_verified,T07;T08,docs/evidence/P00-03/ci-run46.json;docs/evidence/P00-03/office-render/render-report.json;docs/evidence/P00-03/office-security-plan.md;docs/progress/P00-gate.md;docs/evidence/P00-03/repair-summary.md;docs/evidence/P00-03/history.md;docs/evidence/P00-02/main-ci54.json;docs/evidence/P00-03/ci-run55.json;docs/evidence/P00-03/office-link-ci-diagnosis.md;docs/evidence/P03-01/dependency-preflight-2026-10-05.json;docs/evidence/P03-01/checkpoint-2026-10-06.json;docs/evidence/P03-01/macro-control-repair-2026-10-06.json,commit:b901ef7ec788bcfcec772adcfc564974ab64f32b;packages/tools/src/execution/native-executor.ts;packages/tools/src/execution/office-worker.ts;tests/integration/P00-03.office.test.ts;commit:cc3d60f9691455ab62e5200273e0a813a45797cc;21d3924,Node/Python child及ConPTY通过；可信GitBroker固定操作/恶意配置拒绝；三格式中文PDF/原件保全/真实宏外链阻断与隔离内对照/损坏恢复均通过；2026-10-02修复摘要与过程整理完成；清理523个本地临时目标；状态及代码验收不变；2026-10-02诊断分支7214ae0的CI54回归：管理员46/46及标准用户22/22通过；原隔离语义未改；CI55管理员Office外链启用对照销毁后未退出；45/46失败重新接续；标准用户22/22通过不覆盖该失败；CI56仅加诊断且尚未最终完成；根因未确认；接续原check内三轮外链定向采样且任一失败不得通过；最新用户定向日志2通过1失败且启用对照PDF为0；仅测试侧同步刷新及导出前标记检查候选修复；本地check及unit31/31通过；真实CI及旧退出问题待验证；状态不提升；2026-10-05核对eedec5d已推送且为当前分支祖先；最新CI结果未核实；状态保持；2026-10-05 P03前置复核：origin/main cc3d60f9691455ab62e5200273e0a813a45797cc的CI37320656771完整通过，管理员unit227/integration155、P00 Electron8、独立标准用户无missing、三轮Office及启动诊断全部成功；核对其生产源码与e3d5d1f一致。旧Office回归已复验收口，P00-03=implemented_and_verified、P00-gate=passed；本机unsigned helper应用控制仍拒绝，不复制远程报告开启本机能力。证据：docs/evidence/P03-01/dependency-preflight-2026-10-05.json。；2026-10-06 当前复验：P03首提交c39446b已push并建Draft PR#6；同提交push CI37324723679成功，但PR CI37324850125标准用户21/22，唯一宏阻断启用对照失败，其余步骤/Office三轮/startup通过。详细失败待归档报告核查，不能用成功轮覆盖失败。P00-03=in_progress、P00-gate=failed重新接续；本机安全策略未改。证据docs/evidence/P03-01/checkpoint-2026-10-06.json。；2026-10-06 PR CI37324850125详细归档确认：默认禁宏通过，启用对照正常exit0/activeProcesses0，但PDF仍TK_MACRO_BLOCKED。测试侧候选改UNO主循环及MacroExecutionMode=4，保留生产禁宏/Job/无网络及原限时；三轮诊断覆盖macro和links，原完整管理员/标准用户用例仍执行。两模式生成Python仅语法、PowerShell AST、node --check、TypeScript和pnpm check退出0，真实候选效果待新CI。证据docs/evidence/P03-01/macro-control-repair-2026-10-06.json。；d4fd451两轮宏对照失败；测试Hidden/OnLoad候选待新CI；门禁仍failed；21d3924两轮完整CI+标准用户22+宏与links三轮通过；本机能力仍失败关闭
ENG-P00-03-CAPABILITY,Core能力探测和失败门禁,P00-03,implemented_and_verified,T19,docs/evidence/P00-03/ci-run46.json;docs/evidence/P00-03/office-render/render-report.json;docs/evidence/P00-03/office-security-plan.md;docs/progress/P00-gate.md;docs/evidence/P00-03/repair-summary.md;docs/evidence/P00-03/history.md;docs/evidence/P00-02/main-ci54.json;docs/evidence/P00-03/ci-run55.json;docs/evidence/P00-03/office-link-ci-diagnosis.md;docs/evidence/P03-01/dependency-preflight-2026-10-05.json;docs/evidence/P03-01/checkpoint-2026-10-06.json;docs/evidence/P03-01/macro-control-repair-2026-10-06.json,commit:b901ef7ec788bcfcec772adcfc564974ab64f32b;packages/contracts/src/execution.ts;packages/core/src/service.ts;scripts/runtime-probe.mjs;commit:cc3d60f9691455ab62e5200273e0a813a45797cc;21d3924,独立medium非管理员22/22无失败或跳过；missingCases为空；三能力available；源码运行库字节指纹及失败关闭门禁验证；2026-10-02修复摘要与过程整理完成；清理523个本地临时目标；状态及代码验收不变；2026-10-02诊断分支7214ae0的CI54回归：管理员46/46及标准用户22/22通过；原隔离语义未改；CI55管理员Office外链启用对照销毁后未退出；45/46失败重新接续；标准用户22/22通过不覆盖该失败；CI56仅加诊断且尚未最终完成；根因未确认；接续原check内三轮外链定向采样且任一失败不得通过；最新用户定向日志2通过1失败且启用对照PDF为0；仅测试侧同步刷新及导出前标记检查候选修复；本地check及unit31/31通过；真实CI及旧退出问题待验证；状态不提升；2026-10-05核对eedec5d已推送且为当前分支祖先；最新CI结果未核实；状态保持；2026-10-05 P03前置复核：origin/main cc3d60f9691455ab62e5200273e0a813a45797cc的CI37320656771完整通过，管理员unit227/integration155、P00 Electron8、独立标准用户无missing、三轮Office及启动诊断全部成功；核对其生产源码与e3d5d1f一致。旧Office回归已复验收口，P00-03=implemented_and_verified、P00-gate=passed；本机unsigned helper应用控制仍拒绝，不复制远程报告开启本机能力。证据：docs/evidence/P03-01/dependency-preflight-2026-10-05.json。；2026-10-06 当前复验：P03首提交c39446b已push并建Draft PR#6；同提交push CI37324723679成功，但PR CI37324850125标准用户21/22，唯一宏阻断启用对照失败，其余步骤/Office三轮/startup通过。详细失败待归档报告核查，不能用成功轮覆盖失败。P00-03=in_progress、P00-gate=failed重新接续；本机安全策略未改。证据docs/evidence/P03-01/checkpoint-2026-10-06.json。；2026-10-06 PR CI37324850125详细归档确认：默认禁宏通过，启用对照正常exit0/activeProcesses0，但PDF仍TK_MACRO_BLOCKED。测试侧候选改UNO主循环及MacroExecutionMode=4，保留生产禁宏/Job/无网络及原限时；三轮诊断覆盖macro和links，原完整管理员/标准用户用例仍执行。两模式生成Python仅语法、PowerShell AST、node --check、TypeScript和pnpm check退出0，真实候选效果待新CI。证据docs/evidence/P03-01/macro-control-repair-2026-10-06.json。；d4fd451两轮宏对照失败；测试Hidden/OnLoad候选待新CI；门禁仍failed；21d3924两轮完整CI+标准用户22+宏与links三轮通过；本机能力仍失败关闭
ENG-P00-03-STANDARD,标准用户与隔离组合验收,P00-03,implemented_and_verified,T19;T21,docs/evidence/P00-03/ci-run46.json;docs/evidence/P00-03/office-render/render-report.json;docs/evidence/P00-03/office-security-plan.md;docs/progress/P00-gate.md;docs/evidence/P00-03/repair-summary.md;docs/evidence/P00-03/history.md;docs/evidence/P00-02/main-ci54.json;docs/evidence/P00-03/ci-run55.json;docs/evidence/P00-03/office-link-ci-diagnosis.md;docs/evidence/P00-03/ci-followup-2026-10-05.json;docs/evidence/P00-03/ci-run37300466141.json;docs/evidence/P02-03/ci-search-optimization-2026-10-05.json;docs/evidence/P03-01/dependency-preflight-2026-10-05.json;docs/evidence/P03-01/checkpoint-2026-10-06.json;docs/evidence/P03-01/macro-control-repair-2026-10-06.json,commit:b901ef7ec788bcfcec772adcfc564974ab64f32b;scripts/standard-user-kit.mjs;scripts/standard-user-test.mjs;scripts/ci-standard-user-test.ps1;scripts/runtime-probe.mjs;commit:856b160d225f70dd9e4e6e82fdc4b1afa5549422;commit:cc3d60f9691455ab62e5200273e0a813a45797cc;21d3924,CI run46独立标准用户22/22；管理员46/46及P00 Electron8/8；本机unsigned helper应用控制限制保留；P00-gate passed不启动P01；2026-10-02修复摘要与过程整理完成；清理523个本地临时目标；状态及代码验收不变；2026-10-02诊断分支7214ae0的CI54回归：管理员46/46及标准用户22/22通过；原隔离语义未改；CI55管理员Office外链启用对照销毁后未退出；45/46失败重新接续；标准用户22/22通过不覆盖该失败；CI56仅加诊断且尚未最终完成；根因未确认；接续原check内三轮外链定向采样且任一失败不得通过；最新用户定向日志2通过1失败且启用对照PDF为0；仅测试侧同步刷新及导出前标记检查候选修复；本地check及unit31/31通过；真实CI及旧退出问题待验证；状态不提升；2026-10-05核对eedec5d已推送且为当前分支祖先；最新CI结果未核实；状态保持；2026-10-05 CI37277722714确认P00 Electron已通过；搜索658ms改独立perf采样本地207.46ms；Office首轮finished后退出timeout且后两轮通过不覆盖失败；仅补诊断未声称修复；新CI待验；856b160已按用户授权推送且远程SHA一致；PR CI37300466141最终失败；CI37300466141建库与查询共用60秒导致timeout及Office第2轮读0后退出timeout；候选拆分setup与query预算并将PyUNO调用排入主循环；本地unit227及perf1通过搜索231.82ms；真实Office新CI待验；9837526已按用户授权提交/推送且远程SHA一致；PR CI37305371971最终失败，未声称Office修复通过。；CI37305371971 Office完整及三轮通过；剩搜索552.35ms（push971.96ms）；保留500ms并优化FTS时间排序/会话权限关联；本地unit227 integration15 perf1 Electron4 build通过；新源码CI待验；491d316已推送且远程SHA一致；PR CI37309310850 check最终失败；head491仅搜索1031.16ms失败（push531.23ms）；评分候选同分保留且过滤不足扩增同一快照；本地unit227 integration16 perf1 搜索114.74ms Electron4及生产恢复通过；真实新CI待验；e3d5d1f已推送并核对远程；PR CI37313071166及push CI37313064059完整通过；搜索P95 269.99/210.48ms满足500ms；任务/门禁状态保持；2026-10-05 P03前置复核：origin/main cc3d60f9691455ab62e5200273e0a813a45797cc的CI37320656771完整通过，管理员unit227/integration155、P00 Electron8、独立标准用户无missing、三轮Office及启动诊断全部成功；核对其生产源码与e3d5d1f一致。旧Office回归已复验收口，P00-03=implemented_and_verified、P00-gate=passed；本机unsigned helper应用控制仍拒绝，不复制远程报告开启本机能力。证据：docs/evidence/P03-01/dependency-preflight-2026-10-05.json。；2026-10-06 当前复验：P03首提交c39446b已push并建Draft PR#6；同提交push CI37324723679成功，但PR CI37324850125标准用户21/22，唯一宏阻断启用对照失败，其余步骤/Office三轮/startup通过。详细失败待归档报告核查，不能用成功轮覆盖失败。P00-03=in_progress、P00-gate=failed重新接续；本机安全策略未改。证据docs/evidence/P03-01/checkpoint-2026-10-06.json。；2026-10-06 PR CI37324850125详细归档确认：默认禁宏通过，启用对照正常exit0/activeProcesses0，但PDF仍TK_MACRO_BLOCKED。测试侧候选改UNO主循环及MacroExecutionMode=4，保留生产禁宏/Job/无网络及原限时；三轮诊断覆盖macro和links，原完整管理员/标准用户用例仍执行。两模式生成Python仅语法、PowerShell AST、node --check、TypeScript和pnpm check退出0，真实候选效果待新CI。证据docs/evidence/P03-01/macro-control-repair-2026-10-06.json。；d4fd451两轮宏对照失败；测试Hidden/OnLoad候选待新CI；门禁仍failed；21d3924两轮完整CI+标准用户22+宏与links三轮通过；本机能力仍失败关闭
P01-02-API,用户新增,P01-02,in_progress,P01-02协议/DPAPI/SQLite/清除;智谱字段/截断/业务码;unit155/integration69;历史Electron2;最新交接前全unit167/相关integration76通过;API有界live及审计fixture;2026-10-05安全诊断新增unit/integration未运行;2026-10-05JSON有界核验及Responses消息/错误兼容新增回归未运行;2026-10-05本地测试恢复全unit210及P01-02定向integration19通过,docs/evidence/P01-02/results.json;docs/evidence/P01-02/zhipu-preflight-2026-10-04.md;docs/evidence/P01-02/zhipu-fix/results.json;docs/evidence/P01-02/zhipu-fix/report.md;docs/evidence/P01-02/zhipu-fix/electron-crash-diagnosis-2026-10-04.md;docs/evidence/P01-02/zhipu-fix/permission-denied-2026-10-04.md;docs/evidence/P01-02/zhipu-fix/permission-denied-2026-10-04.json;docs/evidence/P01-02/zhipu-fix/model-busy-1305-2026-10-04.md;docs/evidence/P01-02/zhipu-fix/model-busy-1305-2026-10-04.json;docs/evidence/P01-02/zhipu-fix/handoff-2026-10-04.md;docs/evidence/P01-02/zhipu-fix/responses-residual-2026-10-04.json;docs/evidence/P01-02/zhipu-fix/responses-results.json;docs/evidence/P01-02/zhipu-fix/responses-repair-2026-10-04.md;docs/evidence/P01-02/zhipu-fix/protocol-probes-2026-10-04.json;docs/evidence/P01-02/zhipu-fix/responses-resume-2026-10-04.md;docs/evidence/P01-02/zhipu-fix/responses-resume-results.json;docs/evidence/P01-02/zhipu-fix/responses-direct-overloaded-2026-10-04.json;docs/evidence/P01-02/zhipu-fix/responses-direct-truncated-2026-10-04.json;docs/evidence/P01-02/zhipu-fix/responses-direct-aligned-overloaded-2026-10-04.json;docs/evidence/P01-02/zhipu-fix/flashx-results.json;docs/evidence/P01-02/zhipu-fix/P01-review-2026-10-04.md;docs/evidence/P01-02/zhipu-fix/api-live-diagnostic-results.json;docs/evidence/P01-02/zhipu-fix/responses-none-observed-2026-10-04.json;docs/evidence/P01-02/zhipu-fix/chat-flashx-coverage-2026-10-05.md;docs/evidence/P01-02/zhipu-fix/chat-flashx-coverage-results-2026-10-05.json;docs/evidence/P01-02/zhipu-fix/responses-content-type-2026-10-05.md;docs/evidence/P01-02/zhipu-fix/safe-response-diagnostics-2026-10-05.md;docs/evidence/P01-02/zhipu-fix/safe-response-diagnostics-results-2026-10-05.json;docs/evidence/P01-02/zhipu-fix/responses-json-200-2026-10-05.md;docs/evidence/P01-02/zhipu-fix/responses-json-fix-2026-10-05.md;docs/evidence/P01-02/zhipu-fix/responses-json-fix-results-2026-10-05.json;docs/evidence/P01-02/zhipu-fix/responses-post-fix-truncated-2026-10-05.md;docs/evidence/P01-02/zhipu-fix/probe-audit-fix-2026-10-05.md;docs/evidence/P01-02/zhipu-fix/probe-audit-results-2026-10-05.json;docs/evidence/P01-02/zhipu-fix/responses-none32-reasoning32-2026-10-05.md;docs/evidence/P01-02/zhipu-fix/official-docs-workaround-2026-10-05.md;docs/adr/0021-zhipu-flashx-responses-support-policy.md;docs/evidence/P01-02/P01-review-2026-10-05.md,本次交接提交含ADR0021;基线b92eece;codeSha256见probe-audit-results-2026-10-05.json,Chat/Messages基础真实probe已过；R13/R14 configured；本轮3次有界直连先繁忙后none32思考截断最后同形仍繁忙；已停止真实请求且同形成功/关闭思考未验证；unit148/integration68/check0；生产适配器与预算/配置未改；完整live/Electron缺口保留；b8b4d53已push本轮新改动未再提交；最新Chat稳定Responses持续overloaded与Messages偶发529/1305；检测无重试会话有界重试；Responses retryable映射缺口及建议未实现；5.3-Flash Responses曾通过后截断Messages持续文本截断；官方强制思考与32Token probe适配缺口建议未实现；有调用记录不等于完整检测成功；官方候选4.7-FlashX/4.5-Air/免费4.5-Flash/5.2可关思考但当前候选协议适配未完成且无live证据；FlashX Messages单次通过Responses文本截断；FlashX关闭映射遗漏已确认且修复未实施；最新FlashX Responses off映射已补；unit155/integration69/check/build0；等待原profile单次真人复测；未提交新改动；最新FlashX Responses用户基础检测通过；P01复核API完整live入口及繁忙/网络兼容尾项未完成；任务in_progress且阶段failed；2026-10-04最新交接：完整API入口/overloaded分类已补；真实none128仍被计全思考截断；完整真人验收及系统代理Fake-IP待补；2026-10-04 20:30用户要求后续测试移交其他开发者且不在其本机继续；Chat完整live撤回未运行；交接已更新；本次仅文档无测试/调用；恢复开发及交接改动未提交推送；P01-gate failed，旧步骤仅历史；2026-10-04 20:35用户授权将最新实现/测试/进度/交接提交推送origin同名分支；此前未提交为历史；验收状态不提升且不续本机测试；2026-10-05只读DNS诊断198.18.0.92在代理前被拒绝；未测试或调用模型；证据docs/evidence/P01-02/zhipu-fix/dns-readonly-2026-10-05.md；2026-10-05用户Chat工具HTTP429/1305截图文本已通过整体失败；非该次DNS阻断；证据docs/evidence/P01-02/zhipu-fix/chat-tool-busy-2026-10-05.md；2026-10-05最新ChatFlashX NETWORK_ERROR当前DNS已公网底层原因未知；证据docs/evidence/P01-02/zhipu-fix/chat-flashx-network-2026-10-05.md；2026-10-05根因核对无Key生产传输401当前TLS正常历史错误丢失20秒含响应等待具体根因未定；证据docs/evidence/P01-02/zhipu-fix/network-root-cause-2026-10-05.md；2026-10-05FlashXChat文本截断32Token且off映射未覆盖已核对官方默认思考实际占比未知；证据docs/evidence/P01-02/zhipu-fix/chat-flashx-truncated-2026-10-05.md；2026-10-05已补ChatFlashX off关闭字段check及build0回归未执行无模型请求未提交；证据docs/evidence/P01-02/zhipu-fix/chat-flashx-coverage-2026-10-05.md;docs/evidence/P01-02/zhipu-fix/chat-flashx-coverage-results-2026-10-05.json；2026-10-05Responses FlashX非SSE具体HTTP/MIME未知根因未定仅只读；2026-10-05实际HTTP状态与固定responseType安全诊断已补check/build0回归未运行无模型请求未提交且旧非SSE根因仍未定；2026-10-05用户新Responses回执HTTP200与JSON声明SSE类型不符正文未读业务根因仍未知本轮只读文档无模型请求或测试；2026-10-05官方Responses文档确认消息type必填与顶层错误码已修复64KiBJSON核验及官方字符串映射已补check/build0新增回归未运行无模型请求旧截图唯一根因待验；2026-10-05修复后用户Responses文本截断可解析终止32预算实际usage及none执行待验工具未开始本轮只读无请求或测试；2026-10-05用户恢复本地fixture修复发送摘要usage及截断HTTP丢失unit210/targetintegration19/check/build0全integration15失败均P00-03权限无真人请求实际none执行仍待验；2026-10-05用户真实Responses回执HTTP200/SSE准备none32输入13输出32思考32截断定位非思考参数执行或usage标注兼容尚未内部确认本轮无新请求或测试；2026-10-05官方文档复核none正确可选Chat加disabled替代当前真人待验仅公共GET文档无账户迁移或模型调用；issue39已核对组织8月14日接入更新与后来用户标准API失败不能证明当前全面不支持FlashX组合仍未过；用户最新暂按智谱标准APIFlashX Responses非思考不支持使用处理并交接不续重复真人验证优先Chat/disabled文档口径无运行时禁用任务状态不升；本轮P01-02本地commit已授权无push排除P00既有改动；2026-10-05远程分支复核aebd898：入口与overloaded分类已补；网络边界及逐渠道完整live待收口；FlashX Responses按ADR0021暂不支持；本次仅静态复核
ENG-P01-02-BASE,原四API渠道,P01-02,in_progress,P01-02六套fixture和mock HTTP两轮;取消/错误/usage/工具终结;最新交接前全unit167/相关integration76通过;API有界live及审计fixture;2026-10-05安全诊断新增unit/integration未运行;2026-10-05JSON有界核验及Responses消息/错误兼容新增回归未运行;2026-10-05本地测试恢复全unit210及P01-02定向integration19通过,docs/evidence/P01-02/results.json;docs/evidence/P01-02/integration-2026-10-04.log;docs/evidence/P01-02/zhipu-fix/P01-review-2026-10-04.md;docs/evidence/P01-02/zhipu-fix/handoff-2026-10-04.md;docs/evidence/P01-02/zhipu-fix/api-live-diagnostic-results.json;docs/evidence/P01-02/zhipu-fix/responses-none-observed-2026-10-04.json;docs/evidence/P01-02/zhipu-fix/chat-flashx-coverage-2026-10-05.md;docs/evidence/P01-02/zhipu-fix/chat-flashx-coverage-results-2026-10-05.json;docs/evidence/P01-02/zhipu-fix/responses-content-type-2026-10-05.md;docs/evidence/P01-02/zhipu-fix/safe-response-diagnostics-2026-10-05.md;docs/evidence/P01-02/zhipu-fix/safe-response-diagnostics-results-2026-10-05.json;docs/evidence/P01-02/zhipu-fix/responses-json-200-2026-10-05.md;docs/evidence/P01-02/zhipu-fix/responses-json-fix-2026-10-05.md;docs/evidence/P01-02/zhipu-fix/responses-json-fix-results-2026-10-05.json;docs/evidence/P01-02/zhipu-fix/responses-post-fix-truncated-2026-10-05.md;docs/evidence/P01-02/zhipu-fix/probe-audit-fix-2026-10-05.md;docs/evidence/P01-02/zhipu-fix/probe-audit-results-2026-10-05.json;docs/evidence/P01-02/zhipu-fix/responses-none32-reasoning32-2026-10-05.md;docs/evidence/P01-02/zhipu-fix/official-docs-workaround-2026-10-05.md;docs/adr/0021-zhipu-flashx-responses-support-policy.md;docs/evidence/P01-02/P01-review-2026-10-05.md,本次交接提交含ADR0021;基线b92eece;codeSha256见probe-audit-results-2026-10-05.json,原DeepSeek/混元/xAI/豆包预设及渠道字段白名单本地通过；R02-R05真实联调未运行；最新FlashX Responses用户基础检测通过；P01复核API完整live入口及繁忙/网络兼容尾项未完成；任务in_progress且阶段failed；2026-10-04最新交接：完整API入口/overloaded分类已补；真实none128仍被计全思考截断；完整真人验收及系统代理Fake-IP待补；2026-10-04 20:30用户要求后续测试移交其他开发者且不在其本机继续；Chat完整live撤回未运行；交接已更新；本次仅文档无测试/调用；恢复开发及交接改动未提交推送；P01-gate failed，旧步骤仅历史；2026-10-04 20:35用户授权将最新实现/测试/进度/交接提交推送origin同名分支；此前未提交为历史；验收状态不提升且不续本机测试；2026-10-05只读DNS诊断198.18.0.92在代理前被拒绝；未测试或调用模型；证据docs/evidence/P01-02/zhipu-fix/dns-readonly-2026-10-05.md；2026-10-05用户Chat工具HTTP429/1305截图文本已通过整体失败；非该次DNS阻断；证据docs/evidence/P01-02/zhipu-fix/chat-tool-busy-2026-10-05.md；2026-10-05最新ChatFlashX NETWORK_ERROR当前DNS已公网底层原因未知；证据docs/evidence/P01-02/zhipu-fix/chat-flashx-network-2026-10-05.md；2026-10-05根因核对无Key生产传输401当前TLS正常历史错误丢失20秒含响应等待具体根因未定；证据docs/evidence/P01-02/zhipu-fix/network-root-cause-2026-10-05.md；2026-10-05FlashXChat文本截断32Token且off映射未覆盖已核对官方默认思考实际占比未知；证据docs/evidence/P01-02/zhipu-fix/chat-flashx-truncated-2026-10-05.md；2026-10-05已补ChatFlashX off关闭字段check及build0回归未执行无模型请求未提交；证据docs/evidence/P01-02/zhipu-fix/chat-flashx-coverage-2026-10-05.md;docs/evidence/P01-02/zhipu-fix/chat-flashx-coverage-results-2026-10-05.json；2026-10-05Responses FlashX非SSE具体HTTP/MIME未知根因未定仅只读；2026-10-05实际HTTP状态与固定responseType安全诊断已补check/build0回归未运行无模型请求未提交且旧非SSE根因仍未定；2026-10-05用户新Responses回执HTTP200与JSON声明SSE类型不符正文未读业务根因仍未知本轮只读文档无模型请求或测试；2026-10-05官方Responses文档确认消息type必填与顶层错误码已修复64KiBJSON核验及官方字符串映射已补check/build0新增回归未运行无模型请求旧截图唯一根因待验；2026-10-05修复后用户Responses文本截断可解析终止32预算实际usage及none执行待验工具未开始本轮只读无请求或测试；2026-10-05用户恢复本地fixture修复发送摘要usage及截断HTTP丢失unit210/targetintegration19/check/build0全integration15失败均P00-03权限无真人请求实际none执行仍待验；2026-10-05用户真实Responses回执HTTP200/SSE准备none32输入13输出32思考32截断定位非思考参数执行或usage标注兼容尚未内部确认本轮无新请求或测试；2026-10-05官方文档复核none正确可选Chat加disabled替代当前真人待验仅公共GET文档无账户迁移或模型调用；issue39已核对组织8月14日接入更新与后来用户标准API失败不能证明当前全面不支持FlashX组合仍未过；用户最新暂按智谱标准APIFlashX Responses非思考不支持使用处理并交接不续重复真人验证优先Chat/disabled文档口径无运行时禁用任务状态不升；本轮P01-02本地commit已授权无push排除P00既有改动；2026-10-05远程分支复核aebd898：入口与overloaded分类已补；网络边界及逐渠道完整live待收口；FlashX Responses按ADR0021暂不支持；本次仅静态复核
